test,item_pos,origin,demand,n_functional
1,1,Bank,Low,2
1,2,AI,Low,2
1,3,Bank,Low,3
1,4,AI,Low,1
1,5,Bank,Low,3
1,6,AI,Low,2
1,7,Bank,Low,3
1,8,AI,Low,2
1,9,Bank,Low,1
1,10,AI,Low,1
1,11,Bank,Medium,2
1,12,AI,Medium,3
1,13,Bank,Medium,1
1,14,AI,Medium,3
1,15,Bank,Medium,3
1,16,AI,Medium,2
1,17,Bank,Medium,3
1,18,AI,Medium,3
1,19,Bank,Medium,3
1,20,AI,Medium,2
1,21,Bank,High,3
1,22,AI,High,1
1,23,Bank,High,2
1,24,AI,High,2
1,25,Bank,High,2
1,26,AI,High,1
1,27,Bank,High,3
1,28,AI,High,2
1,29,Bank,High,2
1,30,AI,High,2
2,1,Bank,Low,2
2,2,AI,Low,3
2,3,Bank,Low,1
2,4,AI,Low,3
2,5,Bank,Low,1
2,6,AI,Low,1
2,7,Bank,Low,1
2,8,AI,Low,2
2,9,Bank,Low,3
2,10,AI,Low,3
2,11,Bank,Medium,3
2,12,AI,Medium,2
2,13,Bank,Medium,2
2,14,AI,Medium,2
2,15,Bank,Medium,3
2,16,AI,Medium,3
2,17,Bank,Medium,2
2,18,AI,Medium,3
2,19,Bank,Medium,3
2,20,AI,Medium,2
2,21,Bank,High,3
2,22,AI,High,2
2,23,Bank,High,3
2,24,AI,High,2
2,25,Bank,High,3
2,26,AI,High,3
2,27,Bank,High,2
2,28,AI,High,1
2,29,Bank,High,1
2,30,AI,High,3
3,1,Bank,Low,1
3,2,AI,Low,1
3,3,Bank,Low,2
3,4,AI,Low,2
3,5,Bank,Low,2
3,6,AI,Low,1
3,7,Bank,Low,3
3,8,AI,Low,2
3,9,Bank,Low,2
3,10,AI,Low,3
3,11,Bank,Medium,3
3,12,AI,Medium,3
3,13,Bank,Medium,2
3,14,AI,Medium,2
3,15,Bank,Medium,2
3,16,AI,Medium,2
3,17,Bank,Medium,3
3,18,AI,Medium,3
3,19,Bank,Medium,3
3,20,AI,Medium,3
3,21,Bank,High,3
3,22,AI,High,2
3,23,Bank,High,3
3,24,AI,High,3
3,25,Bank,High,2
3,26,AI,High,3
3,27,Bank,High,3
3,28,AI,High,3
3,29,Bank,High,3
3,30,AI,High,3
