test,item_pos,origin,demand,a_common,b
1,1,Bank,Low,0.8926516818075471,-3.0716627742495106
1,2,AI,Low,0.8926516818075471,-2.8570996549109284
1,3,Bank,Low,0.8926516818075471,0.0583246716956156
1,4,AI,Low,0.8926516818075471,-3.0716617041772847
1,5,Bank,Low,0.8926516818075471,0.2701589574370047
1,6,AI,Low,0.8926516818075471,-2.6677721090527204
1,7,Bank,Low,0.8926516818075471,-0.5880339343445926
1,8,AI,Low,0.8926516818075471,-2.6677635648684492
1,9,Bank,Low,0.8926516818075471,-3.320757556017029
1,10,AI,Low,0.8926516818075471,-2.857100755509788
1,11,Bank,Medium,0.8926516818075471,0.2701529860175534
1,12,AI,Medium,0.8926516818075471,-1.6128273954444943
1,13,Bank,Medium,0.8926516818075471,0.6308620912651781
1,14,AI,Medium,0.8926516818075471,-0.36791233800794304
1,15,Bank,Medium,0.8926516818075471,0.7051837289035789
1,16,AI,Medium,0.8926516818075471,-0.012140382155913235
1,17,Bank,Medium,0.8926516818075471,-1.0601681049067482
1,18,AI,Medium,0.8926516818075471,-0.15344406506215244
1,19,Bank,Medium,0.8926516818075471,0.05833134950589661
1,20,AI,Medium,0.8926516818075471,-0.08268874867172975
1,21,Bank,High,0.8926516818075471,0.9349663263515029
1,22,AI,High,0.8926516818075471,1.8412759940313548
1,23,Bank,High,0.8926516818075471,1.442123402112953
1,24,AI,High,0.8926516818075471,0.27015239285706766
1,25,Bank,High,0.8926516818075471,0.7805450083271295
1,26,AI,High,0.8926516818075471,1.26382086488697
1,27,Bank,High,0.8926516818075471,-0.29593783665031353
1,28,AI,High,0.8926516818075471,0.7805262344883352
1,29,Bank,High,0.8926516818075471,0.34124265513915936
1,30,AI,High,0.8926516818075471,0.41274610595068656
2,1,Bank,Low,0.939182094439728,-2.883284350691319
2,2,AI,Low,0.939182094439728,-2.184016160003409
2,3,Bank,Low,0.939182094439728,-2.0462318971519093
2,4,AI,Low,0.939182094439728,-1.2784116524850173
2,5,Bank,Low,0.939182094439728,-2.046231717129661
2,6,AI,Low,0.939182094439728,-0.4545385117236982
2,7,Bank,Low,0.939182094439728,-3.7590291400542566
2,8,AI,Low,0.939182094439728,0.34814648265546017
2,9,Bank,Low,0.939182094439728,-0.45454155565457244
2,10,AI,Low,0.939182094439728,0.9601778356283434
2,11,Bank,Medium,0.939182094439728,-1.0108290300657745
2,12,AI,Medium,0.939182094439728,0.4215812720862301
2,13,Bank,Medium,0.939182094439728,-1.4724683897450255
2,14,AI,Medium,0.939182094439728,-0.3057847429181602
2,15,Bank,Medium,0.939182094439728,-0.08675535954112228
2,16,AI,Medium,0.939182094439728,-0.6067031537281762
2,17,Bank,Medium,0.939182094439728,0.5703382704739641
2,18,AI,Medium,0.939182094439728,-0.45454055854318676
2,19,Bank,Medium,0.939182094439728,-0.01436471983684065
2,20,AI,Medium,0.939182094439728,1.0426658038625807
2,21,Bank,High,0.939182094439728,-1.1864796519026133
2,22,AI,High,0.939182094439728,1.3033340773040596
2,23,Bank,High,0.939182094439728,-1.0973997150364794
2,24,AI,High,0.939182094439728,0.42157889440695984
2,25,Bank,High,0.939182094439728,-0.014365163168708612
2,26,AI,High,0.939182094439728,0.34814228646308315
2,27,Bank,High,0.939182094439728,0.2025570484500558
2,28,AI,High,0.939182094439728,0.64593037039219
2,29,Bank,High,0.939182094439728,1.395676495454777
2,30,AI,High,0.939182094439728,0.13017506452839478
3,1,Bank,Low,0.9594387800329803,-4.81818991776227
3,2,AI,Low,0.9594387800329803,-3.0026857377821403
3,3,Bank,Low,0.9594387800329803,0.10547290120444315
3,4,AI,Low,0.9594387800329803,-0.6466937662756378
3,5,Bank,Low,0.9594387800329803,-2.255548141765903
3,6,AI,Low,0.9594387800329803,-3.601563002809554
3,7,Bank,Low,0.9594387800329803,-0.6466936396673477
3,8,AI,Low,0.9594387800329803,-1.7409576206852437
3,9,Bank,Low,0.9594387800329803,-0.9713308032757124
3,10,AI,Low,0.9594387800329803,0.8804689236069562
3,11,Bank,Medium,0.9594387800329803,-1.144704698409713
3,12,AI,Medium,0.9594387800329803,-1.425160346418569
3,13,Bank,Medium,0.9594387800329803,1.3253912701777282
3,14,AI,Medium,0.9594387800329803,-1.8573260773619227
3,15,Bank,Medium,0.9594387800329803,1.3253914066465264
3,16,AI,Medium,0.9594387800329803,-1.6307157946190478
3,17,Bank,Medium,0.9594387800329803,-0.725685732040483
3,18,AI,Medium,0.9594387800329803,0.7170964923642613
3,19,Bank,Medium,0.9594387800329803,-0.1908680693732178
3,20,AI,Medium,0.9594387800329803,-1.9808932751227113
3,21,Bank,High,0.9594387800329803,-0.7256934463355494
3,22,AI,High,0.9594387800329803,0.9647515197928735
3,23,Bank,High,0.9594387800329803,-0.11667615294907044
3,24,AI,High,0.9594387800329803,1.0511048229669349
3,25,Bank,High,0.9594387800329803,0.17980301792310588
3,26,AI,High,0.9594387800329803,0.4818867579382051
3,27,Bank,High,0.9594387800329803,-0.2653845149655973
3,28,AI,High,0.9594387800329803,0.10545283189525406
3,29,Bank,High,0.9594387800329803,-0.11666394948183866
3,30,AI,High,0.9594387800329803,0.25448008245713744
