test,item_pos,origin,demand,item_rest_r
1,1,Bank,Low,0.23572043409500643
1,2,AI,Low,0.5309773203749779
1,3,Bank,Low,0.3016430975970571
1,4,AI,Low,0.44904585611638426
1,5,Bank,Low,0.2473715064195669
1,6,AI,Low,0.4341512979522771
1,7,Bank,Low,0.14696967271485226
1,8,AI,Low,0.33927075665450085
1,9,Bank,Low,0.45284130855228144
1,10,AI,Low,0.3992674448396685
1,11,Bank,Medium,0.13505385063421796
1,12,AI,Medium,0.33945891338134065
1,13,Bank,Medium,0.1629956842506013
1,14,AI,Medium,0.3431793808369164
1,15,Bank,Medium,0.15273245079706643
1,16,AI,Medium,0.22478224020811252
1,17,Bank,Medium,0.44729590348896797
1,18,AI,Medium,0.4900549942102153
1,19,Bank,Medium,0.5362357701112279
1,20,AI,Medium,0.22592452217542405
1,21,Bank,High,0.2602728680907333
1,22,AI,High,0.14951550189332788
1,23,Bank,High,0.12526826201345023
1,24,AI,High,0.3136167437906863
1,25,Bank,High,0.25316468441009277
1,26,AI,High,0.2609718599052178
1,27,Bank,High,0.40175007685213854
1,28,AI,High,0.25316468441009277
1,29,Bank,High,0.25996425189599487
1,30,AI,High,0.1594011651565966
2,1,Bank,Low,0.2237607027646338
2,2,AI,Low,0.46964764663826414
2,3,Bank,Low,0.26147894955017975
2,4,AI,Low,0.4233354095367777
2,5,Bank,Low,0.23861073204234626
2,6,AI,Low,0.14610306751381952
2,7,Bank,Low,0.4353242704895105
2,8,AI,Low,0.18856527560675576
2,9,Bank,Low,0.3947439429579888
2,10,AI,Low,0.4069046502317524
2,11,Bank,Medium,0.379019135847676
2,12,AI,Medium,0.3460757864832415
2,13,Bank,Medium,0.48031669805024646
2,14,AI,Medium,0.33787327581147425
2,15,Bank,Medium,0.45206908485070885
2,16,AI,Medium,0.43745313035925426
2,17,Bank,Medium,0.26553515920770426
2,18,AI,Medium,0.39474394295798876
2,19,Bank,Medium,0.4052486183559022
2,20,AI,Medium,0.16221841327356573
2,21,Bank,High,0.3944458387177504
2,22,AI,High,0.2501576087610399
2,23,Bank,High,0.6065129094261461
2,24,AI,High,0.0840989219578277
2,25,Bank,High,0.5411439965022655
2,26,AI,High,0.17165878296288126
2,27,Bank,High,0.2813945519077498
2,28,AI,High,0.051296138286164535
2,29,Bank,High,0.14873390718136886
2,30,AI,High,0.4303487807113912
3,1,Bank,Low,0.21001035201916513
3,2,AI,Low,0.1511883172696686
3,3,Bank,Low,0.2556354743379909
3,4,AI,Low,0.10562496577034941
3,5,Bank,Low,0.4143341496255246
3,6,AI,Low,0.3603446049511275
3,7,Bank,Low,0.5185442558953135
3,8,AI,Low,0.4410461478003748
3,9,Bank,Low,0.38447263861709535
3,10,AI,Low,0.3482308123811123
3,11,Bank,Medium,0.5608420987477764
3,12,AI,Medium,0.26771912385636765
3,13,Bank,Medium,0.18029870515183422
3,14,AI,Medium,0.47653333908864665
3,15,Bank,Medium,0.3447156128923909
3,16,AI,Medium,0.2976408533888568
3,17,Bank,Medium,0.12096452433383992
3,18,AI,Medium,0.11496989993083237
3,19,Bank,Medium,0.45529911647479576
3,20,AI,Medium,0.4500490990026803
3,21,Bank,High,0.5583790047422168
3,22,AI,High,0.27604233592283917
3,23,Bank,High,0.34233027847277125
3,24,AI,High,0.32112403840892007
3,25,Bank,High,0.20790839072844988
3,26,AI,High,0.34706645300164757
3,27,Bank,High,0.3583423755185189
3,28,AI,High,0.3526423058510991
3,29,Bank,High,0.2936957698582641
3,30,AI,High,0.3293145281631963
