group,contrast,estimate,se,ci_low,ci_high,p_value
Predicted probability,"P(Bank, Low)",0.7601187418339688,0.011741986301506569,0.737104448683016,0.7831330349849216,0.0
Predicted probability,"P(Bank, Medium)",0.5214937792349263,0.01252818055827613,0.49693854534070514,0.5460490131291476,0.0
Predicted probability,"P(Bank, High)",0.49132868717019945,0.014312907611794438,0.46327538825108233,0.5193819860893165,0.0
Predicted probability,"P(AI, Low)",0.7295025106683416,0.017926407657694175,0.694366751659261,0.7646382696774222,0.0
Predicted probability,"P(AI, Medium)",0.5857827148177357,0.017487070278051894,0.551508057072754,0.6200573725627174,0.0
Predicted probability,"P(AI, High)",0.3618764252885535,0.015994298418075138,0.33052760038912626,0.39322525018798077,0.0
RQ1,Delta Low,-0.030616231165627172,0.021345534705974684,-0.07245347918933756,0.011221016858083209,0.15148225062918752
RQ1,Delta Medium,0.06428893558280935,0.02172995092855364,0.02169823176284421,0.10687963940277448,0.003090998203430617
RQ1,Delta High,-0.12945226188164594,0.021507329426832138,-0.1716066275582369,-0.08729789620505495,1.755157130745033e-09
RQ2,Delta Medium - Delta Low,0.09490516674843652,0.027111204072889406,0.041767206765573286,0.14804312673129977,0.00046423222512492757
RQ2,Delta High - Delta Low,-0.09883603071601876,0.028612623819988685,-0.1549167734031966,-0.04275528802884094,0.0005517630081626201
RQ2,Delta High - Delta Medium,-0.19374119746445528,0.030679770281214755,-0.2538735472156362,-0.13360884771327436,2.7024982252044083e-10
RQ3 (AI),AI: Medium - Low,-0.1437197958506059,0.0212446949133813,-0.18535939788083325,-0.10208019382037856,1.333333443653828e-11
RQ3 (AI),AI: High - Low,-0.3676260853797881,0.021903137588536348,-0.41055623505331934,-0.3246959357062568,0.0
RQ3 (AI),AI: High - Medium,-0.22390628952918218,0.023047597004179948,-0.2690795796573749,-0.17873299940098947,0.0
Reference (Bank),Bank: Medium - Low,-0.23862496259904242,0.018266594039761698,-0.2744274869169753,-0.2028224382811095,0.0
Reference (Bank),Bank: High - Low,-0.2687900546637693,0.021128311861113063,-0.3102015459115509,-0.22737856341598772,0.0
Reference (Bank),Bank: High - Medium,-0.030165092064726895,0.01945402923381331,-0.06829498936300099,0.007964805233547194,0.12100158643284709
