group,contrast,estimate,se,ci_low,ci_high,p_value,specification
RQ1,Delta Low,-0.030616231165627172,0.021345534705974684,-0.07245347918933756,0.011221016858083209,0.15148225062918752,Main
RQ1,Delta Medium,0.06428893558280935,0.02172995092855364,0.02169823176284421,0.10687963940277448,0.003090998203430617,Main
RQ1,Delta High,-0.12945226188164594,0.021507329426832138,-0.1716066275582369,-0.08729789620505495,1.755157130745033e-09,Main
RQ2,Delta Medium - Delta Low,0.09490516674843652,0.027111204072889406,0.041767206765573286,0.14804312673129977,0.00046423222512492757,Main
RQ2,Delta High - Delta Low,-0.09883603071601876,0.028612623819988685,-0.1549167734031966,-0.04275528802884094,0.0005517630081626201,Main
RQ2,Delta High - Delta Medium,-0.19374119746445528,0.030679770281214755,-0.2538735472156362,-0.13360884771327436,2.7024982252044083e-10,Main
RQ3 (AI),AI: Medium - Low,-0.1437197958506059,0.0212446949133813,-0.18535939788083325,-0.10208019382037856,1.333333443653828e-11,Main
RQ3 (AI),AI: High - Low,-0.3676260853797881,0.021903137588536348,-0.41055623505331934,-0.3246959357062568,0.0,Main
RQ3 (AI),AI: High - Medium,-0.22390628952918218,0.023047597004179948,-0.2690795796573749,-0.17873299940098947,0.0,Main
RQ1,Delta Low,-0.030616231165627172,0.07735924554127266,-0.1822403524265216,0.12100789009526725,0.6922769746249351,R1 student+item clusters
RQ1,Delta Medium,0.06428893558280935,0.06104228971409439,-0.05535395225681565,0.18393182342243436,0.2922553734068911,R1 student+item clusters
RQ1,Delta High,-0.12945226188164594,0.04258292816858109,-0.21291480109206487,-0.045989722671227,0.002365751925838211,R1 student+item clusters
RQ2,Delta Medium - Delta Low,0.09490516674843652,0.09791270792285725,-0.0970037407803637,0.2868140742772367,0.3324037873841439,R1 student+item clusters
RQ2,Delta High - Delta Low,-0.09883603071601876,0.08768539413636174,-0.2706994032232878,0.07302734179125026,0.25967213039650106,R1 student+item clusters
RQ2,Delta High - Delta Medium,-0.19374119746445528,0.07421291211739554,-0.3391985052145505,-0.04828388971436001,0.009038009181347562,R1 student+item clusters
RQ3 (AI),AI: Medium - Low,-0.1437197958506059,0.07640191810747121,-0.29346755534124946,0.006027963640037659,0.059958054090746504,R1 student+item clusters
RQ3 (AI),AI: High - Low,-0.3676260853797881,0.06570884752363067,-0.49641542652610415,-0.23883674423347198,2.2091062312767917e-08,R1 student+item clusters
RQ3 (AI),AI: High - Medium,-0.22390628952918218,0.05037458067900286,-0.3226404676600278,-0.12517211139833656,8.79626767202879e-06,R1 student+item clusters
RQ1,Delta Low,-0.012009200396243203,0.020898987014408177,-0.05297121494448323,0.028952814151996825,0.5655410569611281,R2 score as proportion
RQ1,Delta Medium,0.08852869258715546,0.021363981122010454,0.046655289588014966,0.13040209558629595,3.415539088846842e-05,R2 score as proportion
RQ1,Delta High,-0.10493376081358391,0.021524854739101464,-0.1471224761022228,-0.06274504552494505,1.088060490817e-06,R2 score as proportion
RQ2,Delta Medium - Delta Low,0.10053789298339866,0.027070839469195748,0.04747904762377499,0.15359673834302232,0.00020410430334250051,R2 score as proportion
RQ2,Delta High - Delta Low,-0.09292456041734076,0.028769283245451832,-0.14931235557842634,-0.036536765256255176,0.0012379359631800035,R2 score as proportion
RQ2,Delta High - Delta Medium,-0.19346245340073942,0.03072579224345485,-0.2536850061979109,-0.1332399006035679,3.0460078903615795e-10,R2 score as proportion
RQ3 (AI),AI: Medium - Low,-0.14164069095007759,0.02093706842488729,-0.18267734506285668,-0.10060403683729849,1.3324674696946204e-11,R2 score as proportion
RQ3 (AI),AI: High - Low,-0.36542898962023646,0.021797139074155605,-0.40815138220558145,-0.32270659703489146,0.0,R2 score as proportion
RQ3 (AI),AI: High - Medium,-0.22378829867015887,0.023031593715417107,-0.2689302223523764,-0.17864637498794134,0.0,R2 score as proportion
RQ1,Delta Low,-0.02983072353749483,0.021286940928149634,-0.07155312775666811,0.011891680681678451,0.1611056610912045,R3 form fixed effects
RQ1,Delta Medium,0.06344055046708574,0.021776290345843944,0.020759021389231615,0.10612207954493988,0.0035764747397748486,R3 form fixed effects
RQ1,Delta High,-0.13045765871921522,0.021474365984661403,-0.17254741604915158,-0.08836790138927887,1.239558677923469e-09,R3 form fixed effects
RQ2,Delta Medium - Delta Low,0.09327127400458057,0.027118451241555538,0.04011910957113172,0.14642343843802944,0.0005829993441004433,R3 form fixed effects
RQ2,Delta High - Delta Low,-0.10062693518172039,0.028459012282168763,-0.15640659925477116,-0.044847271108669616,0.00040645803112826506,R3 form fixed effects
RQ2,Delta High - Delta Medium,-0.19389820918630096,0.030645613483548877,-0.2539636116140568,-0.13383280675854517,2.497930751133026e-10,R3 form fixed effects
RQ3 (AI),AI: Medium - Low,-0.14496920525535162,0.021324586663298402,-0.18676539511541648,-0.10317301539528675,1.0591971744133843e-11,R3 form fixed effects
RQ3 (AI),AI: High - Low,-0.3688695996432342,0.0219724316545331,-0.41193556568611905,-0.3258036336003493,0.0,R3 form fixed effects
RQ3 (AI),AI: High - Medium,-0.22390039438788256,0.02302429957916768,-0.2690280215630512,-0.1787727672127139,0.0,R3 form fixed effects
RQ1,Delta Low,-0.009988627047013532,0.07532168170359947,-0.1576191231860685,0.13764186909204143,0.894499525573222,R4 R1+R2+R3
RQ1,Delta Medium,0.08932433134083384,0.05940719662764916,-0.02711377404935851,0.20576243673102618,0.13268582017715302,R4 R1+R2+R3
RQ1,Delta High,-0.10429134084834463,0.04353605090710389,-0.18962200062626827,-0.018960681070420995,0.01659695416065965,R4 R1+R2+R3
RQ2,Delta Medium - Delta Low,0.09931295838784737,0.09511728725047364,-0.08711692462308096,0.2857428413987757,0.2964342682873575,R4 R1+R2+R3
RQ2,Delta High - Delta Low,-0.09430271380133104,0.08635116959657582,-0.26355100621061966,0.07494557860795756,0.27479626739220664,R4 R1+R2+R3
RQ2,Delta High - Delta Medium,-0.1936156721891784,0.07379640914124572,-0.33825663410602,-0.0489747102723368,0.008699408693178201,R4 R1+R2+R3
RQ3 (AI),AI: Medium - Low,-0.14273454472639968,0.06988982332299414,-0.2797185984394682,-0.005750491013331166,0.04112382674357895,R4 R1+R2+R3
RQ3 (AI),AI: High - Low,-0.36651743158922956,0.06109672042185832,-0.4862670036160719,-0.24676785956238725,1.9857226973840625e-09,R4 R1+R2+R3
RQ3 (AI),AI: High - Medium,-0.22378288686282988,0.046891706417768686,-0.3156906314416565,-0.13187514228400327,1.8210314558508855e-06,R4 R1+R2+R3
