test,item_pos,n,n_female,coef_female,wald_z
1,2,72,28,0.3083779986136117,0.28772973646354466
1,4,72,28,-0.26543468445906115,-0.2550455782134991
1,6,72,28,1.6038066308190546,1.3771707223769352
1,8,72,28,-0.979079747198421,-1.1572850660203848
1,10,72,28,-0.679581405965194,-0.7386465593903087
1,12,72,28,-0.8767901020848612,-1.4172845010718518
1,14,72,28,-0.9833334724271476,-1.8438281589909211
1,16,72,28,0.6163185742052304,1.2282638585920487
1,18,72,28,-0.03127520773891813,-0.05458333360494043
1,20,72,28,0.26491183429985327,0.5338525797605768
1,22,72,28,0.533790716821803,0.8792613931711428
1,24,72,28,0.5285412927188018,1.025929078861913
1,26,72,28,-0.02212795291915136,-0.03936523354116723
1,28,72,28,-0.6781537883453846,-1.2470127095814656
1,30,72,28,-0.04632878122006273,-0.09384908313956092
2,2,68,29,-0.10903812039311761,-0.13555816331012777
2,4,68,29,-0.6185113159802833,-1.0050813232338998
2,6,68,29,0.13951049106879151,0.276134970858866
2,8,68,29,0.3231667776989401,0.6438936031891147
2,10,68,29,0.2931249204329883,0.5020012472320543
2,12,68,29,-0.3431760509432797,-0.6459329510964325
2,14,68,29,-0.4109726992255921,-0.7862391151204905
2,16,68,29,-0.6732126908612461,-1.195685730199
2,18,68,29,-0.37962916347847214,-0.703267000043816
2,20,68,29,0.026904982823698367,0.05015669030450712
2,22,68,29,0.8172459862178882,1.4041643516582705
2,24,68,29,-0.3372532735609397,-0.6741552660829677
2,26,68,29,0.06508928407700995,0.13040912472250824
2,28,68,29,0.4884362055716725,0.9667939020245462
2,30,68,29,0.3947586624129011,0.713671843215663
3,2,65,34,-1.3786431578522438,-1.1911134559421868
3,4,65,34,-0.42813292004609854,-0.8172469996232089
3,6,65,34,1.0701505667686921,0.5859403040346558
3,8,65,34,1.630073359409263,1.7635677206085492
3,10,65,34,0.7365041257207386,1.2507328643250253
3,12,65,34,-0.6570321271252694,-1.0081139006433883
3,14,65,34,-0.5641035260386897,-0.722957583744784
3,16,65,34,0.6540446020759945,0.9754299756809317
3,18,65,34,0.2168141064709417,0.4105939364788963
3,20,65,34,-0.9270639611435909,-1.1316016709723402
3,22,65,34,0.12409829414704082,0.21978142513576965
3,24,65,34,0.6018784887054338,1.0240181040087668
3,26,65,34,1.0010734427341996,1.7693396917375628
3,28,65,34,-0.549152142640572,-0.9976212556168006
3,30,65,34,0.8041389077567811,1.4901928586015845
