Item,Test 1 coef.,Test 1 z,Test 2 coef.,Test 2 z,Test 3 coef.,Test 3 z
Item 2,0.31,0.29,-0.11,-0.14,-1.38,-1.19
Item 4,-0.27,-0.26,-0.62,-1.01,-0.43,-0.82
Item 6,1.60,1.38,0.14,0.28,1.07,0.59
Item 8,-0.98,-1.16,0.32,0.64,1.63,1.76
Item 10,-0.68,-0.74,0.29,0.50,0.74,1.25
Item 12,-0.88,-1.42,-0.34,-0.65,-0.66,-1.01
Item 14,-0.98,-1.84,-0.41,-0.79,-0.56,-0.72
Item 16,0.62,1.23,-0.67,-1.20,0.65,0.98
Item 18,-0.03,-0.05,-0.38,-0.70,0.22,0.41
Item 20,0.26,0.53,0.03,0.05,-0.93,-1.13
Item 22,0.53,0.88,0.82,1.40,0.12,0.22
Item 24,0.53,1.03,-0.34,-0.67,0.60,1.02
Item 26,-0.02,-0.04,0.07,0.13,1.00,1.77
Item 28,-0.68,-1.25,0.49,0.97,-0.55,-1.00
Item 30,-0.05,-0.09,0.39,0.71,0.80,1.49
