student_id,school_id,sex,p1,p2,p3,p41,p42,p5,p6,p7,p81,p82,p9,p10a,p10b,p10c,p10d,p10e,p10f,p10g,p10h,p11a,p11b,p11c,p11d,p12a,p12b,p12c,p12d,p12e,p12f,p12g,p12h,p13a,p13b,p13c,p13d,p13e,p13f,p13g,p13h
EST0068,Colegio_3,Female,13,YES,1,DID NOT REPEAT,DID NOT REPEAT,COMPLETE SECONDARY,UNIVERSITY EDUCATION,5,-888,SOMETIMES,MOBILE PHONE,PARTIALLY AGREE,AGREE,AGREE,PARTIALLY AGREE,AGREE,AGREE,PARTIALLY AGREE,DISAGREE,DISAGREE,PARTIALLY AGREE,AGREE,AGREE,MOST QUESTIONS,MOST QUESTIONS,VERY FEW QUESTIONS,VERY FEW QUESTIONS,VERY FEW QUESTIONS,MOST QUESTIONS,MOST QUESTIONS,MOST QUESTIONS,AGREE,AGREE,AGREE,AGREE,AGREE,AGREE,PARTIALLY AGREE,DISAGREE
EST0080,Colegio_3,Male,15,YES,1,FIRST,DID NOT REPEAT,INCOMPLETE SECONDARY,COMPLETE SECONDARY,1457,FREQUENTLY,SOMETIMES,MOBILE PHONE,PARTIALLY AGREE,PARTIALLY AGREE,AGREE,PARTIALLY AGREE,AGREE,AGREE,PARTIALLY AGREE,PARTIALLY AGREE,PARTIALLY AGREE,AGREE,AGREE,AGREE,VERY FEW QUESTIONS,VERY FEW QUESTIONS,MOST QUESTIONS,MOST QUESTIONS,MOST QUESTIONS,ALL QUESTIONS,MOST QUESTIONS,ALL QUESTIONS,PARTIALLY AGREE,PARTIALLY AGREE,PARTIALLY AGREE,AGREE,DISAGREE,AGREE,PARTIALLY AGREE,AGREE
EST0069,Colegio_3,Female,13,YES,1,DID NOT REPEAT,DID NOT REPEAT,COMPLETE SECONDARY,COMPLETE SECONDARY,345,FREQUENTLY,SOMETIMES,MOBILE PHONE,PARTIALLY AGREE,PARTIALLY AGREE,PARTIALLY AGREE,DISAGREE,AGREE,AGREE,AGREE,AGREE,DISAGREE,PARTIALLY AGREE,AGREE,AGREE,MOST QUESTIONS,MOST QUESTIONS,VERY FEW QUESTIONS,VERY FEW QUESTIONS,VERY FEW QUESTIONS,MOST QUESTIONS,MOST QUESTIONS,MOST QUESTIONS,AGREE,AGREE,AGREE,AGREE,AGREE,AGREE,PARTIALLY AGREE,PARTIALLY AGREE
EST0078,Colegio_3,Male,14,NO,13,SECOND,DID NOT REPEAT,INCOMPLETE SECONDARY,NO FORMAL EDUCATION,1234567,SOMETIMES,SOMETIMES,MOBILE PHONE,PARTIALLY AGREE,AGREE,AGREE,AGREE,PARTIALLY AGREE,PARTIALLY AGREE,DISAGREE,AGREE,PARTIALLY AGREE,AGREE,AGREE,AGREE,MOST QUESTIONS,VERY FEW QUESTIONS,MOST QUESTIONS,ALL QUESTIONS,MOST QUESTIONS,MOST QUESTIONS,MOST QUESTIONS,VERY FEW QUESTIONS,AGREE,AGREE,AGREE,AGREE,AGREE,AGREE,DISAGREE,PARTIALLY AGREE
EST0064,Colegio_3,Female,13,YES,1,THIRD,DID NOT REPEAT,COMPLETE SECONDARY,TECHNICAL HIGHER EDUCATION,4,FREQUENTLY,-888,MOBILE PHONE,AGREE,AGREE,AGREE,AGREE,DISAGREE,DISAGREE,AGREE,PARTIALLY AGREE,PARTIALLY AGREE,AGREE,AGREE,AGREE,VERY FEW QUESTIONS,MOST QUESTIONS,VERY FEW QUESTIONS,VERY FEW QUESTIONS,VERY FEW QUESTIONS,MOST QUESTIONS,VERY FEW QUESTIONS,VERY FEW QUESTIONS,AGREE,AGREE,AGREE,AGREE,AGREE,AGREE,AGREE,DISAGREE
EST0072,Colegio_3,Female,13,DON'T KNOW,1,DID NOT REPEAT,DID NOT REPEAT,TECHNICAL HIGHER EDUCATION,TECHNICAL HIGHER EDUCATION,245,FREQUENTLY,SOMETIMES,MOBILE PHONE,AGREE,AGREE,PARTIALLY AGREE,AGREE,PARTIALLY AGREE,PARTIALLY AGREE,PARTIALLY AGREE,PARTIALLY AGREE,PARTIALLY AGREE,PARTIALLY AGREE,AGREE,AGREE,VERY FEW QUESTIONS,ALL QUESTIONS,VERY FEW QUESTIONS,ALL QUESTIONS,MOST QUESTIONS,VERY FEW QUESTIONS,MOST QUESTIONS,ALL QUESTIONS,AGREE,AGREE,AGREE,PARTIALLY AGREE,AGREE,AGREE,PARTIALLY AGREE,AGREE
EST0065,Colegio_3,Male,13,YES,1,DID NOT REPEAT,DID NOT REPEAT,UNIVERSITY EDUCATION,DON'T KNOW,456,FREQUENTLY,SOMETIMES,MOBILE PHONE,PARTIALLY AGREE,AGREE,AGREE,PARTIALLY AGREE,AGREE,AGREE,AGREE,DISAGREE,PARTIALLY AGREE,PARTIALLY AGREE,PARTIALLY AGREE,AGREE,MOST QUESTIONS,MOST QUESTIONS,NO QUESTIONS,VERY FEW QUESTIONS,VERY FEW QUESTIONS,MOST QUESTIONS,MOST QUESTIONS,MOST QUESTIONS,PARTIALLY AGREE,AGREE,AGREE,AGREE,AGREE,AGREE,PARTIALLY AGREE,AGREE
EST0076,Colegio_3,Female,12,DON'T KNOW,1,DID NOT REPEAT,DID NOT REPEAT,DON'T KNOW,COMPLETE SECONDARY,124567,FREQUENTLY,SOMETIMES,MOBILE PHONE,PARTIALLY AGREE,AGREE,AGREE,PARTIALLY AGREE,AGREE,AGREE,AGREE,PARTIALLY AGREE,AGREE,PARTIALLY AGREE,AGREE,AGREE,MOST QUESTIONS,ALL QUESTIONS,VERY FEW QUESTIONS,VERY FEW QUESTIONS,MOST QUESTIONS,VERY FEW QUESTIONS,MOST QUESTIONS,VERY FEW QUESTIONS,AGREE,AGREE,AGREE,AGREE,PARTIALLY AGREE,AGREE,DISAGREE,PARTIALLY AGREE
EST0067,Colegio_3,Female,12,DON'T KNOW,1,DID NOT REPEAT,DID NOT REPEAT,INCOMPLETE SECONDARY,COMPLETE SECONDARY,1456,FREQUENTLY,SOMETIMES,MOBILE PHONE,PARTIALLY AGREE,PARTIALLY AGREE,PARTIALLY AGREE,PARTIALLY AGREE,PARTIALLY AGREE,AGREE,AGREE,AGREE,AGREE,PARTIALLY AGREE,AGREE,AGREE,MOST QUESTIONS,MOST QUESTIONS,MOST QUESTIONS,ALL QUESTIONS,MOST QUESTIONS,VERY FEW QUESTIONS,VERY FEW QUESTIONS,NO QUESTIONS,AGREE,PARTIALLY AGREE,PARTIALLY AGREE,PARTIALLY AGREE,PARTIALLY AGREE,PARTIALLY AGREE,DISAGREE,AGREE
EST0071,Colegio_3,Female,13,YES,1,DID NOT REPEAT,DID NOT REPEAT,INCOMPLETE SECONDARY,INCOMPLETE SECONDARY,1456,FREQUENTLY,FREQUENTLY,MOBILE PHONE,PARTIALLY AGREE,PARTIALLY AGREE,PARTIALLY AGREE,AGREE,AGREE,AGREE,AGREE,PARTIALLY AGREE,PARTIALLY AGREE,AGREE,AGREE,AGREE,VERY FEW QUESTIONS,VERY FEW QUESTIONS,NO QUESTIONS,VERY FEW QUESTIONS,VERY FEW QUESTIONS,VERY FEW QUESTIONS,VERY FEW QUESTIONS,NO QUESTIONS,AGREE,PARTIALLY AGREE,AGREE,PARTIALLY AGREE,AGREE,AGREE,PARTIALLY AGREE,AGREE
EST0066,Colegio_3,Female,14,YES,1,DID NOT REPEAT,DID NOT REPEAT,DON'T KNOW,DON'T KNOW,45,SOMETIMES,FREQUENTLY,MOBILE PHONE,PARTIALLY AGREE,AGREE,PARTIALLY AGREE,AGREE,AGREE,DISAGREE,AGREE,AGREE,DISAGREE,AGREE,AGREE,AGREE,MOST QUESTIONS,MOST QUESTIONS,VERY FEW QUESTIONS,MOST QUESTIONS,VERY FEW QUESTIONS,MOST QUESTIONS,VERY FEW QUESTIONS,MOST QUESTIONS,AGREE,AGREE,AGREE,AGREE,AGREE,AGREE,AGREE,AGREE
EST0070,Colegio_3,Female,13,YES,1,DID NOT REPEAT,DID NOT REPEAT,INCOMPLETE SECONDARY,INCOMPLETE SECONDARY,45,SOMETIMES,NEVER,MOBILE PHONE,AGREE,DISAGREE,AGREE,AGREE,PARTIALLY AGREE,AGREE,AGREE,AGREE,AGREE,PARTIALLY AGREE,AGREE,AGREE,MOST QUESTIONS,MOST QUESTIONS,VERY FEW QUESTIONS,ALL QUESTIONS,VERY FEW QUESTIONS,NO QUESTIONS,MOST QUESTIONS,VERY FEW QUESTIONS,AGREE,AGREE,AGREE,AGREE,AGREE,AGREE,AGREE,AGREE
EST0075,Colegio_3,Male,12,YES,1,DID NOT REPEAT,DID NOT REPEAT,COMPLETE SECONDARY,UNIVERSITY EDUCATION,123456,FREQUENTLY,NEVER,MOBILE PHONE,PARTIALLY AGREE,AGREE,AGREE,PARTIALLY AGREE,AGREE,AGREE,AGREE,AGREE,AGREE,DISAGREE,AGREE,AGREE,MOST QUESTIONS,MOST QUESTIONS,-777,VERY FEW QUESTIONS,VERY FEW QUESTIONS,MOST QUESTIONS,MOST QUESTIONS,VERY FEW QUESTIONS,AGREE,AGREE,AGREE,AGREE,AGREE,AGREE,PARTIALLY AGREE,PARTIALLY AGREE
EST0077,Colegio_3,Female,13,YES,4,DID NOT REPEAT,DID NOT REPEAT,COMPLETE SECONDARY,COMPLETE SECONDARY,1234567,SOMETIMES,SOMETIMES,MOBILE PHONE,PARTIALLY AGREE,DISAGREE,PARTIALLY AGREE,DISAGREE,PARTIALLY AGREE,AGREE,AGREE,AGREE,AGREE,AGREE,AGREE,AGREE,ALL QUESTIONS,-777,VERY FEW QUESTIONS,NO QUESTIONS,-777,-777,-777,-777,AGREE,AGREE,AGREE,AGREE,AGREE,AGREE,PARTIALLY AGREE,AGREE
EST0073,Colegio_3,Male,12,YES,1,FIFTH,DID NOT REPEAT,DON'T KNOW,DON'T KNOW,24567,FREQUENTLY,FREQUENTLY,MOBILE PHONE,PARTIALLY AGREE,DISAGREE,PARTIALLY AGREE,DISAGREE,PARTIALLY AGREE,PARTIALLY AGREE,AGREE,AGREE,AGREE,DISAGREE,AGREE,AGREE,MOST QUESTIONS,MOST QUESTIONS,VERY FEW QUESTIONS,MOST QUESTIONS,MOST QUESTIONS,VERY FEW QUESTIONS,MOST QUESTIONS,VERY FEW QUESTIONS,AGREE,AGREE,AGREE,AGREE,AGREE,AGREE,AGREE,AGREE
EST0083,Colegio_3,Male,15,YES,1,DID NOT REPEAT,THIRD,DON'T KNOW,COMPLETE SECONDARY,45,FREQUENTLY,FREQUENTLY,MOBILE PHONE,AGREE,PARTIALLY AGREE,PARTIALLY AGREE,AGREE,AGREE,AGREE,AGREE,AGREE,DISAGREE,DISAGREE,AGREE,AGREE,MOST QUESTIONS,ALL QUESTIONS,MOST QUESTIONS,MOST QUESTIONS,MOST QUESTIONS,MOST QUESTIONS,MOST QUESTIONS,ALL QUESTIONS,DISAGREE,DISAGREE,DISAGREE,DISAGREE,DISAGREE,DISAGREE,DISAGREE,DISAGREE
EST0082,Colegio_3,Male,15,DON'T KNOW,1,DID NOT REPEAT,DID NOT REPEAT,COMPLETE SECONDARY,COMPLETE SECONDARY,45,SOMETIMES,SOMETIMES,MOBILE PHONE,PARTIALLY AGREE,PARTIALLY AGREE,PARTIALLY AGREE,PARTIALLY AGREE,PARTIALLY AGREE,PARTIALLY AGREE,PARTIALLY AGREE,PARTIALLY AGREE,PARTIALLY AGREE,PARTIALLY AGREE,AGREE,PARTIALLY AGREE,ALL QUESTIONS,ALL QUESTIONS,ALL QUESTIONS,MOST QUESTIONS,NO QUESTIONS,MOST QUESTIONS,ALL QUESTIONS,ALL QUESTIONS,AGREE,AGREE,AGREE,AGREE,PARTIALLY AGREE,PARTIALLY AGREE,AGREE,PARTIALLY AGREE
EST0081,Colegio_3,Male,14,YES,1,DID NOT REPEAT,DID NOT REPEAT,INCOMPLETE SECONDARY,COMPLETE SECONDARY,1234567,SOMETIMES,SOMETIMES,MOBILE PHONE,PARTIALLY AGREE,PARTIALLY AGREE,PARTIALLY AGREE,PARTIALLY AGREE,AGREE,AGREE,AGREE,AGREE,PARTIALLY AGREE,PARTIALLY AGREE,AGREE,AGREE,VERY FEW QUESTIONS,NO QUESTIONS,VERY FEW QUESTIONS,VERY FEW QUESTIONS,VERY FEW QUESTIONS,MOST QUESTIONS,MOST QUESTIONS,NO QUESTIONS,PARTIALLY AGREE,AGREE,AGREE,PARTIALLY AGREE,PARTIALLY AGREE,PARTIALLY AGREE,PARTIALLY AGREE,AGREE
EST0079,Colegio_3,Male,14,YES,1,DID NOT REPEAT,DID NOT REPEAT,COMPLETE SECONDARY,DON'T KNOW,2457,FREQUENTLY,FREQUENTLY,MOBILE PHONE,AGREE,PARTIALLY AGREE,PARTIALLY AGREE,PARTIALLY AGREE,AGREE,PARTIALLY AGREE,PARTIALLY AGREE,AGREE,PARTIALLY AGREE,PARTIALLY AGREE,AGREE,AGREE,MOST QUESTIONS,MOST QUESTIONS,NO QUESTIONS,VERY FEW QUESTIONS,NO QUESTIONS,MOST QUESTIONS,ALL QUESTIONS,MOST QUESTIONS,AGREE,AGREE,AGREE,AGREE,AGREE,AGREE,PARTIALLY AGREE,DISAGREE
EST0074,Colegio_3,Male,14,NO,2,DID NOT REPEAT,DID NOT REPEAT,DON'T KNOW,DON'T KNOW,45,FREQUENTLY,FREQUENTLY,MOBILE PHONE,PARTIALLY AGREE,AGREE,AGREE,PARTIALLY AGREE,DISAGREE,PARTIALLY AGREE,AGREE,DISAGREE,PARTIALLY AGREE,AGREE,AGREE,DISAGREE,VERY FEW QUESTIONS,MOST QUESTIONS,VERY FEW QUESTIONS,NO QUESTIONS,VERY FEW QUESTIONS,ALL QUESTIONS,ALL QUESTIONS,MOST QUESTIONS,AGREE,AGREE,AGREE,AGREE,AGREE,AGREE,AGREE,AGREE
EST0054,Colegio_3,Female,15,YES,1,DID NOT REPEAT,DID NOT REPEAT,UNIVERSITY EDUCATION,DON'T KNOW,456,FREQUENTLY,FREQUENTLY,MOBILE PHONE,AGREE,AGREE,AGREE,PARTIALLY AGREE,AGREE,AGREE,AGREE,PARTIALLY AGREE,DISAGREE,PARTIALLY AGREE,AGREE,AGREE,MOST QUESTIONS,ALL QUESTIONS,NO QUESTIONS,VERY FEW QUESTIONS,VERY FEW QUESTIONS,MOST QUESTIONS,MOST QUESTIONS,-777,AGREE,AGREE,AGREE,AGREE,AGREE,AGREE,DISAGREE,PARTIALLY AGREE
EST0056,Colegio_3,Male,16,YES,12,DID NOT REPEAT,DID NOT REPEAT,COMPLETE SECONDARY,UNIVERSITY EDUCATION,45,FREQUENTLY,FREQUENTLY,MOBILE PHONE,PARTIALLY AGREE,AGREE,AGREE,PARTIALLY AGREE,AGREE,AGREE,PARTIALLY AGREE,AGREE,DISAGREE,PARTIALLY AGREE,AGREE,AGREE,MOST QUESTIONS,MOST QUESTIONS,VERY FEW QUESTIONS,VERY FEW QUESTIONS,NO QUESTIONS,MOST QUESTIONS,MOST QUESTIONS,VERY FEW QUESTIONS,AGREE,AGREE,AGREE,AGREE,AGREE,AGREE,AGREE,AGREE
EST0059,Colegio_3,Male,14,YES,1,DID NOT REPEAT,DID NOT REPEAT,COMPLETE SECONDARY,TECHNICAL HIGHER EDUCATION,45,SOMETIMES,FREQUENTLY,MOBILE PHONE,AGREE,PARTIALLY AGREE,PARTIALLY AGREE,AGREE,AGREE,AGREE,AGREE,AGREE,PARTIALLY AGREE,PARTIALLY AGREE,AGREE,AGREE,MOST QUESTIONS,ALL QUESTIONS,VERY FEW QUESTIONS,VERY FEW QUESTIONS,NO QUESTIONS,MOST QUESTIONS,ALL QUESTIONS,MOST QUESTIONS,AGREE,AGREE,AGREE,AGREE,PARTIALLY AGREE,PARTIALLY AGREE,AGREE,AGREE
EST0055,Colegio_3,Female,16,YES,1,DID NOT REPEAT,DID NOT REPEAT,TECHNICAL HIGHER EDUCATION,DON'T KNOW,45,SOMETIMES,SOMETIMES,MOBILE PHONE,AGREE,PARTIALLY AGREE,AGREE,AGREE,AGREE,AGREE,AGREE,AGREE,DISAGREE,DISAGREE,AGREE,AGREE,MOST QUESTIONS,NO QUESTIONS,NO QUESTIONS,NO QUESTIONS,NO QUESTIONS,NO QUESTIONS,NO QUESTIONS,NO QUESTIONS,AGREE,AGREE,AGREE,AGREE,AGREE,AGREE,AGREE,AGREE
EST0062,Colegio_3,Male,15,YES,1,DID NOT REPEAT,DID NOT REPEAT,COMPLETE SECONDARY,TECHNICAL HIGHER EDUCATION,15,-888,FREQUENTLY,MOBILE PHONE,AGREE,PARTIALLY AGREE,PARTIALLY AGREE,AGREE,AGREE,AGREE,AGREE,AGREE,DISAGREE,PARTIALLY AGREE,AGREE,AGREE,VERY FEW QUESTIONS,VERY FEW QUESTIONS,NO QUESTIONS,MOST QUESTIONS,VERY FEW QUESTIONS,VERY FEW QUESTIONS,MOST QUESTIONS,VERY FEW QUESTIONS,AGREE,AGREE,AGREE,AGREE,AGREE,DISAGREE,DISAGREE,AGREE
EST0061,Colegio_3,Male,14,NO,1,DID NOT REPEAT,DID NOT REPEAT,TECHNICAL HIGHER EDUCATION,TECHNICAL HIGHER EDUCATION,12467,SOMETIMES,SOMETIMES,MOBILE PHONE,PARTIALLY AGREE,AGREE,PARTIALLY AGREE,PARTIALLY AGREE,AGREE,AGREE,AGREE,DISAGREE,DISAGREE,PARTIALLY AGREE,AGREE,AGREE,MOST QUESTIONS,ALL QUESTIONS,NO QUESTIONS,VERY FEW QUESTIONS,VERY FEW QUESTIONS,ALL QUESTIONS,MOST QUESTIONS,VERY FEW QUESTIONS,AGREE,AGREE,AGREE,AGREE,AGREE,AGREE,PARTIALLY AGREE,AGREE
EST0060,Colegio_3,Male,15,YES,1,DID NOT REPEAT,DID NOT REPEAT,DON'T KNOW,DON'T KNOW,45,SOMETIMES,FREQUENTLY,MOBILE PHONE,PARTIALLY AGREE,AGREE,PARTIALLY AGREE,PARTIALLY AGREE,AGREE,PARTIALLY AGREE,PARTIALLY AGREE,PARTIALLY AGREE,DISAGREE,PARTIALLY AGREE,AGREE,AGREE,ALL QUESTIONS,MOST QUESTIONS,NO QUESTIONS,VERY FEW QUESTIONS,VERY FEW QUESTIONS,VERY FEW QUESTIONS,ALL QUESTIONS,VERY FEW QUESTIONS,AGREE,AGREE,AGREE,PARTIALLY AGREE,AGREE,PARTIALLY AGREE,DISAGREE,PARTIALLY AGREE
EST0058,Colegio_3,Female,15,YES,1,DID NOT REPEAT,DID NOT REPEAT,COMPLETE PRIMARY,COMPLETE SECONDARY,46,FREQUENTLY,-888,MOBILE PHONE,AGREE,PARTIALLY AGREE,PARTIALLY AGREE,PARTIALLY AGREE,AGREE,AGREE,AGREE,AGREE,AGREE,AGREE,AGREE,AGREE,MOST QUESTIONS,VERY FEW QUESTIONS,VERY FEW QUESTIONS,MOST QUESTIONS,VERY FEW QUESTIONS,VERY FEW QUESTIONS,MOST QUESTIONS,VERY FEW QUESTIONS,AGREE,AGREE,AGREE,AGREE,AGREE,AGREE,PARTIALLY AGREE,PARTIALLY AGREE
EST0063,Colegio_3,Female,18,YES,1,SECOND,DID NOT REPEAT,UNIVERSITY EDUCATION,UNIVERSITY EDUCATION,45,SOMETIMES,SOMETIMES,MOBILE PHONE,PARTIALLY AGREE,AGREE,PARTIALLY AGREE,PARTIALLY AGREE,PARTIALLY AGREE,AGREE,AGREE,PARTIALLY AGREE,AGREE,AGREE,AGREE,AGREE,ALL QUESTIONS,ALL QUESTIONS,NO QUESTIONS,NO QUESTIONS,ALL QUESTIONS,MOST QUESTIONS,VERY FEW QUESTIONS,MOST QUESTIONS,AGREE,AGREE,AGREE,AGREE,AGREE,AGREE,AGREE,AGREE
EST0127,Colegio_5,Male,17,YES,1,SECOND,DID NOT REPEAT,INCOMPLETE SECONDARY,INCOMPLETE PRIMARY,456,SOMETIMES,SOMETIMES,MOBILE PHONE,PARTIALLY AGREE,AGREE,PARTIALLY AGREE,AGREE,AGREE,PARTIALLY AGREE,AGREE,DISAGREE,DISAGREE,DISAGREE,AGREE,AGREE,VERY FEW QUESTIONS,MOST QUESTIONS,VERY FEW QUESTIONS,MOST QUESTIONS,ALL QUESTIONS,VERY FEW QUESTIONS,VERY FEW QUESTIONS,VERY FEW QUESTIONS,DISAGREE,DISAGREE,PARTIALLY AGREE,AGREE,PARTIALLY AGREE,AGREE,PARTIALLY AGREE,PARTIALLY AGREE
EST0124,Colegio_5,Female,14,YES,1,DID NOT REPEAT,DID NOT REPEAT,COMPLETE SECONDARY,COMPLETE SECONDARY,247,SOMETIMES,-888,MOBILE PHONE,AGREE,PARTIALLY AGREE,PARTIALLY AGREE,PARTIALLY AGREE,AGREE,AGREE,PARTIALLY AGREE,DISAGREE,DISAGREE,DISAGREE,AGREE,AGREE,MOST QUESTIONS,MOST QUESTIONS,NO QUESTIONS,MOST QUESTIONS,VERY FEW QUESTIONS,VERY FEW QUESTIONS,VERY FEW QUESTIONS,NO QUESTIONS,AGREE,AGREE,AGREE,AGREE,AGREE,AGREE,AGREE,AGREE
EST0130,Colegio_5,Female,14,YES,1,DID NOT REPEAT,DID NOT REPEAT,DON'T KNOW,DON'T KNOW,2456,SOMETIMES,FREQUENTLY,COMPUTER/LAPTOP,PARTIALLY AGREE,PARTIALLY AGREE,AGREE,PARTIALLY AGREE,AGREE,PARTIALLY AGREE,PARTIALLY AGREE,PARTIALLY AGREE,PARTIALLY AGREE,PARTIALLY AGREE,AGREE,PARTIALLY AGREE,VERY FEW QUESTIONS,MOST QUESTIONS,VERY FEW QUESTIONS,MOST QUESTIONS,VERY FEW QUESTIONS,VERY FEW QUESTIONS,VERY FEW QUESTIONS,MOST QUESTIONS,AGREE,AGREE,AGREE,PARTIALLY AGREE,AGREE,AGREE,AGREE,PARTIALLY AGREE
EST0133,Colegio_5,Female,14,YES,1,DID NOT REPEAT,DID NOT REPEAT,INCOMPLETE SECONDARY,COMPLETE SECONDARY,46,FREQUENTLY,-888,MOBILE PHONE,AGREE,PARTIALLY AGREE,PARTIALLY AGREE,PARTIALLY AGREE,AGREE,AGREE,AGREE,PARTIALLY AGREE,DISAGREE,PARTIALLY AGREE,AGREE,AGREE,MOST QUESTIONS,VERY FEW QUESTIONS,NO QUESTIONS,NO QUESTIONS,VERY FEW QUESTIONS,VERY FEW QUESTIONS,MOST QUESTIONS,NO QUESTIONS,AGREE,AGREE,AGREE,AGREE,AGREE,AGREE,AGREE,AGREE
EST0134,Colegio_5,Male,15,YES,1,FIFTH,DID NOT REPEAT,DON'T KNOW,DON'T KNOW,1457,FREQUENTLY,FREQUENTLY,MOBILE PHONE,DISAGREE,AGREE,AGREE,DISAGREE,AGREE,PARTIALLY AGREE,AGREE,AGREE,DISAGREE,AGREE,AGREE,AGREE,-777,MOST QUESTIONS,VERY FEW QUESTIONS,MOST QUESTIONS,VERY FEW QUESTIONS,MOST QUESTIONS,ALL QUESTIONS,MOST QUESTIONS,AGREE,AGREE,AGREE,AGREE,AGREE,AGREE,AGREE,AGREE
EST0129,Colegio_5,Female,13,YES,1,DID NOT REPEAT,DID NOT REPEAT,DON'T KNOW,DON'T KNOW,4567,SOMETIMES,FREQUENTLY,MOBILE PHONE,PARTIALLY AGREE,PARTIALLY AGREE,AGREE,PARTIALLY AGREE,AGREE,AGREE,PARTIALLY AGREE,PARTIALLY AGREE,PARTIALLY AGREE,PARTIALLY AGREE,AGREE,AGREE,MOST QUESTIONS,ALL QUESTIONS,VERY FEW QUESTIONS,MOST QUESTIONS,VERY FEW QUESTIONS,VERY FEW QUESTIONS,MOST QUESTIONS,VERY FEW QUESTIONS,AGREE,AGREE,AGREE,AGREE,AGREE,AGREE,PARTIALLY AGREE,PARTIALLY AGREE
EST0135,Colegio_5,Male,13,YES,1,DID NOT REPEAT,DID NOT REPEAT,COMPLETE SECONDARY,UNIVERSITY EDUCATION,245,SOMETIMES,SOMETIMES,COMPUTER/LAPTOP,PARTIALLY AGREE,PARTIALLY AGREE,PARTIALLY AGREE,PARTIALLY AGREE,AGREE,AGREE,AGREE,AGREE,PARTIALLY AGREE,PARTIALLY AGREE,AGREE,AGREE,VERY FEW QUESTIONS,ALL QUESTIONS,MOST QUESTIONS,ALL QUESTIONS,ALL QUESTIONS,MOST QUESTIONS,MOST QUESTIONS,MOST QUESTIONS,PARTIALLY AGREE,PARTIALLY AGREE,AGREE,PARTIALLY AGREE,AGREE,AGREE,AGREE,AGREE
EST0132,Colegio_5,Female,14,YES,2,DID NOT REPEAT,DID NOT REPEAT,COMPLETE SECONDARY,DON'T KNOW,47,FREQUENTLY,-888,MOBILE PHONE,PARTIALLY AGREE,AGREE,AGREE,AGREE,AGREE,AGREE,AGREE,PARTIALLY AGREE,AGREE,AGREE,AGREE,PARTIALLY AGREE,MOST QUESTIONS,ALL QUESTIONS,MOST QUESTIONS,ALL QUESTIONS,MOST QUESTIONS,MOST QUESTIONS,MOST QUESTIONS,ALL QUESTIONS,PARTIALLY AGREE,AGREE,AGREE,PARTIALLY AGREE,AGREE,PARTIALLY AGREE,PARTIALLY AGREE,AGREE
EST0138,Colegio_5,Male,13,YES,1,DID NOT REPEAT,DID NOT REPEAT,UNIVERSITY EDUCATION,TECHNICAL HIGHER EDUCATION,1234567,FREQUENTLY,FREQUENTLY,MOBILE PHONE,PARTIALLY AGREE,AGREE,AGREE,PARTIALLY AGREE,AGREE,AGREE,AGREE,DISAGREE,DISAGREE,DISAGREE,AGREE,AGREE,MOST QUESTIONS,ALL QUESTIONS,VERY FEW QUESTIONS,ALL QUESTIONS,VERY FEW QUESTIONS,MOST QUESTIONS,MOST QUESTIONS,MOST QUESTIONS,AGREE,AGREE,AGREE,AGREE,PARTIALLY AGREE,AGREE,PARTIALLY AGREE,PARTIALLY AGREE
EST0128,Colegio_5,Male,14,YES,2,DID NOT REPEAT,SECOND,INCOMPLETE SECONDARY,INCOMPLETE SECONDARY,4,FREQUENTLY,-888,MOBILE PHONE,AGREE,AGREE,AGREE,AGREE,AGREE,AGREE,PARTIALLY AGREE,AGREE,PARTIALLY AGREE,AGREE,AGREE,AGREE,MOST QUESTIONS,MOST QUESTIONS,VERY FEW QUESTIONS,ALL QUESTIONS,MOST QUESTIONS,MOST QUESTIONS,MOST QUESTIONS,MOST QUESTIONS,AGREE,AGREE,AGREE,AGREE,AGREE,AGREE,PARTIALLY AGREE,AGREE
EST0120,Colegio_5,Male,14,YES,2,DID NOT REPEAT,SECOND,COMPLETE SECONDARY,COMPLETE PRIMARY,4,SOMETIMES,-888,MOBILE PHONE,PARTIALLY AGREE,AGREE,AGREE,PARTIALLY AGREE,AGREE,DISAGREE,PARTIALLY AGREE,AGREE,PARTIALLY AGREE,AGREE,AGREE,PARTIALLY AGREE,MOST QUESTIONS,-777,VERY FEW QUESTIONS,MOST QUESTIONS,VERY FEW QUESTIONS,VERY FEW QUESTIONS,VERY FEW QUESTIONS,MOST QUESTIONS,PARTIALLY AGREE,PARTIALLY AGREE,AGREE,DISAGREE,PARTIALLY AGREE,AGREE,PARTIALLY AGREE,PARTIALLY AGREE
EST0131,Colegio_5,Male,13,YES,1,DID NOT REPEAT,DID NOT REPEAT,COMPLETE SECONDARY,COMPLETE SECONDARY,1234567,FREQUENTLY,FREQUENTLY,MOBILE PHONE,PARTIALLY AGREE,AGREE,PARTIALLY AGREE,PARTIALLY AGREE,AGREE,PARTIALLY AGREE,AGREE,DISAGREE,PARTIALLY AGREE,PARTIALLY AGREE,AGREE,AGREE,VERY FEW QUESTIONS,VERY FEW QUESTIONS,VERY FEW QUESTIONS,VERY FEW QUESTIONS,VERY FEW QUESTIONS,VERY FEW QUESTIONS,VERY FEW QUESTIONS,VERY FEW QUESTIONS,AGREE,AGREE,PARTIALLY AGREE,PARTIALLY AGREE,AGREE,AGREE,DISAGREE,PARTIALLY AGREE
EST0137,Colegio_5,Female,16,YES,1,FOURTH,DID NOT REPEAT,INCOMPLETE SECONDARY,INCOMPLETE PRIMARY,45,FREQUENTLY,SOMETIMES,MOBILE PHONE,DISAGREE,AGREE,PARTIALLY AGREE,AGREE,AGREE,AGREE,AGREE,DISAGREE,DISAGREE,DISAGREE,AGREE,AGREE,MOST QUESTIONS,ALL QUESTIONS,VERY FEW QUESTIONS,MOST QUESTIONS,VERY FEW QUESTIONS,MOST QUESTIONS,MOST QUESTIONS,ALL QUESTIONS,AGREE,AGREE,AGREE,AGREE,AGREE,AGREE,DISAGREE,AGREE
EST0122,Colegio_5,Female,13,YES,1,DID NOT REPEAT,DID NOT REPEAT,DON'T KNOW,TECHNICAL HIGHER EDUCATION,1245,NEVER,FREQUENTLY,COMPUTER/LAPTOP,PARTIALLY AGREE,AGREE,PARTIALLY AGREE,AGREE,AGREE,AGREE,PARTIALLY AGREE,AGREE,PARTIALLY AGREE,DISAGREE,AGREE,AGREE,ALL QUESTIONS,MOST QUESTIONS,VERY FEW QUESTIONS,VERY FEW QUESTIONS,VERY FEW QUESTIONS,MOST QUESTIONS,MOST QUESTIONS,ALL QUESTIONS,AGREE,AGREE,AGREE,PARTIALLY AGREE,PARTIALLY AGREE,AGREE,PARTIALLY AGREE,PARTIALLY AGREE
EST0112,Colegio_5,Male,12,YES,1,DID NOT REPEAT,DID NOT REPEAT,TECHNICAL HIGHER EDUCATION,TECHNICAL HIGHER EDUCATION,14567,SOMETIMES,FREQUENTLY,MOBILE PHONE,DISAGREE,PARTIALLY AGREE,PARTIALLY AGREE,PARTIALLY AGREE,AGREE,PARTIALLY AGREE,AGREE,PARTIALLY AGREE,PARTIALLY AGREE,PARTIALLY AGREE,AGREE,PARTIALLY AGREE,VERY FEW QUESTIONS,VERY FEW QUESTIONS,MOST QUESTIONS,VERY FEW QUESTIONS,VERY FEW QUESTIONS,MOST QUESTIONS,MOST QUESTIONS,ALL QUESTIONS,AGREE,PARTIALLY AGREE,AGREE,AGREE,PARTIALLY AGREE,AGREE,PARTIALLY AGREE,AGREE
EST0110,Colegio_5,Male,13,NO,1,DID NOT REPEAT,DID NOT REPEAT,INCOMPLETE SECONDARY,DON'T KNOW,45,SOMETIMES,SOMETIMES,MOBILE PHONE,PARTIALLY AGREE,PARTIALLY AGREE,PARTIALLY AGREE,AGREE,AGREE,AGREE,AGREE,AGREE,AGREE,PARTIALLY AGREE,AGREE,AGREE,MOST QUESTIONS,VERY FEW QUESTIONS,VERY FEW QUESTIONS,VERY FEW QUESTIONS,VERY FEW QUESTIONS,VERY FEW QUESTIONS,MOST QUESTIONS,MOST QUESTIONS,AGREE,AGREE,AGREE,AGREE,PARTIALLY AGREE,AGREE,PARTIALLY AGREE,PARTIALLY AGREE
EST0114,Colegio_5,Male,13,YES,3,DID NOT REPEAT,DID NOT REPEAT,INCOMPLETE SECONDARY,INCOMPLETE SECONDARY,14567,FREQUENTLY,FREQUENTLY,MOBILE PHONE,PARTIALLY AGREE,PARTIALLY AGREE,AGREE,AGREE,AGREE,AGREE,PARTIALLY AGREE,AGREE,PARTIALLY AGREE,PARTIALLY AGREE,AGREE,AGREE,VERY FEW QUESTIONS,ALL QUESTIONS,VERY FEW QUESTIONS,MOST QUESTIONS,MOST QUESTIONS,VERY FEW QUESTIONS,VERY FEW QUESTIONS,VERY FEW QUESTIONS,PARTIALLY AGREE,DISAGREE,DISAGREE,DISAGREE,PARTIALLY AGREE,DISAGREE,PARTIALLY AGREE,DISAGREE
EST0113,Colegio_5,Male,12,YES,2,DID NOT REPEAT,DID NOT REPEAT,INCOMPLETE PRIMARY,COMPLETE SECONDARY,4,SOMETIMES,-888,MOBILE PHONE,DISAGREE,AGREE,AGREE,PARTIALLY AGREE,AGREE,AGREE,PARTIALLY AGREE,AGREE,AGREE,AGREE,AGREE,AGREE,MOST QUESTIONS,MOST QUESTIONS,VERY FEW QUESTIONS,VERY FEW QUESTIONS,VERY FEW QUESTIONS,MOST QUESTIONS,ALL QUESTIONS,MOST QUESTIONS,AGREE,AGREE,AGREE,PARTIALLY AGREE,AGREE,AGREE,PARTIALLY AGREE,AGREE
EST0108,Colegio_5,Male,13,YES,14,DID NOT REPEAT,DID NOT REPEAT,COMPLETE SECONDARY,COMPLETE SECONDARY,457,FREQUENTLY,SOMETIMES,MOBILE PHONE,PARTIALLY AGREE,PARTIALLY AGREE,AGREE,AGREE,PARTIALLY AGREE,AGREE,AGREE,PARTIALLY AGREE,PARTIALLY AGREE,AGREE,AGREE,AGREE,MOST QUESTIONS,ALL QUESTIONS,MOST QUESTIONS,MOST QUESTIONS,MOST QUESTIONS,VERY FEW QUESTIONS,VERY FEW QUESTIONS,MOST QUESTIONS,AGREE,AGREE,PARTIALLY AGREE,AGREE,PARTIALLY AGREE,PARTIALLY AGREE,DISAGREE,PARTIALLY AGREE
EST0109,Colegio_5,Female,13,YES,1,DID NOT REPEAT,FIRST,TECHNICAL HIGHER EDUCATION,TECHNICAL HIGHER EDUCATION,234567,FREQUENTLY,SOMETIMES,COMPUTER/LAPTOP,AGREE,AGREE,PARTIALLY AGREE,AGREE,AGREE,AGREE,AGREE,PARTIALLY AGREE,PARTIALLY AGREE,AGREE,AGREE,AGREE,MOST QUESTIONS,MOST QUESTIONS,MOST QUESTIONS,MOST QUESTIONS,MOST QUESTIONS,MOST QUESTIONS,MOST QUESTIONS,MOST QUESTIONS,AGREE,AGREE,AGREE,AGREE,AGREE,PARTIALLY AGREE,AGREE,PARTIALLY AGREE
EST0111,Colegio_5,Female,12,YES,-777,DID NOT REPEAT,DID NOT REPEAT,UNIVERSITY EDUCATION,UNIVERSITY EDUCATION,456,SOMETIMES,FREQUENTLY,MOBILE PHONE,AGREE,PARTIALLY AGREE,PARTIALLY AGREE,AGREE,PARTIALLY AGREE,PARTIALLY AGREE,DISAGREE,AGREE,AGREE,PARTIALLY AGREE,AGREE,AGREE,VERY FEW QUESTIONS,MOST QUESTIONS,MOST QUESTIONS,MOST QUESTIONS,MOST QUESTIONS,VERY FEW QUESTIONS,VERY FEW QUESTIONS,VERY FEW QUESTIONS,PARTIALLY AGREE,PARTIALLY AGREE,DISAGREE,PARTIALLY AGREE,DISAGREE,AGREE,AGREE,PARTIALLY AGREE
EST0107,Colegio_5,Female,12,YES,1,DID NOT REPEAT,DID NOT REPEAT,COMPLETE SECONDARY,COMPLETE SECONDARY,45,FREQUENTLY,SOMETIMES,MOBILE PHONE,PARTIALLY AGREE,PARTIALLY AGREE,PARTIALLY AGREE,AGREE,AGREE,AGREE,AGREE,AGREE,PARTIALLY AGREE,AGREE,AGREE,AGREE,VERY FEW QUESTIONS,MOST QUESTIONS,VERY FEW QUESTIONS,VERY FEW QUESTIONS,VERY FEW QUESTIONS,MOST QUESTIONS,VERY FEW QUESTIONS,VERY FEW QUESTIONS,AGREE,PARTIALLY AGREE,AGREE,AGREE,AGREE,PARTIALLY AGREE,PARTIALLY AGREE,PARTIALLY AGREE
EST0139,Colegio_5,Female,14,YES,1,DID NOT REPEAT,DID NOT REPEAT,COMPLETE SECONDARY,COMPLETE PRIMARY,1456,SOMETIMES,NEVER,MOBILE PHONE,PARTIALLY AGREE,PARTIALLY AGREE,AGREE,PARTIALLY AGREE,AGREE,PARTIALLY AGREE,AGREE,AGREE,PARTIALLY AGREE,PARTIALLY AGREE,AGREE,AGREE,MOST QUESTIONS,VERY FEW QUESTIONS,VERY FEW QUESTIONS,VERY FEW QUESTIONS,VERY FEW QUESTIONS,MOST QUESTIONS,MOST QUESTIONS,MOST QUESTIONS,AGREE,AGREE,AGREE,AGREE,AGREE,AGREE,AGREE,PARTIALLY AGREE
EST0125,Colegio_5,Female,14,YES,1,DID NOT REPEAT,SECOND,DON'T KNOW,DON'T KNOW,145,SOMETIMES,FREQUENTLY,MOBILE PHONE,PARTIALLY AGREE,AGREE,AGREE,PARTIALLY AGREE,AGREE,AGREE,AGREE,PARTIALLY AGREE,PARTIALLY AGREE,AGREE,AGREE,PARTIALLY AGREE,VERY FEW QUESTIONS,VERY FEW QUESTIONS,VERY FEW QUESTIONS,MOST QUESTIONS,MOST QUESTIONS,VERY FEW QUESTIONS,VERY FEW QUESTIONS,VERY FEW QUESTIONS,AGREE,PARTIALLY AGREE,PARTIALLY AGREE,PARTIALLY AGREE,PARTIALLY AGREE,AGREE,PARTIALLY AGREE,AGREE
EST0123,Colegio_5,Female,14,YES,1,DID NOT REPEAT,DID NOT REPEAT,INCOMPLETE SECONDARY,INCOMPLETE SECONDARY,145,SOMETIMES,SOMETIMES,MOBILE PHONE,PARTIALLY AGREE,DISAGREE,PARTIALLY AGREE,PARTIALLY AGREE,AGREE,AGREE,AGREE,AGREE,PARTIALLY AGREE,AGREE,AGREE,AGREE,VERY FEW QUESTIONS,MOST QUESTIONS,VERY FEW QUESTIONS,MOST QUESTIONS,VERY FEW QUESTIONS,VERY FEW QUESTIONS,VERY FEW QUESTIONS,VERY FEW QUESTIONS,PARTIALLY AGREE,PARTIALLY AGREE,PARTIALLY AGREE,PARTIALLY AGREE,AGREE,AGREE,PARTIALLY AGREE,AGREE
EST0136,Colegio_5,Female,14,YES,12,DID NOT REPEAT,DID NOT REPEAT,DON'T KNOW,DON'T KNOW,45,FREQUENTLY,FREQUENTLY,MOBILE PHONE,PARTIALLY AGREE,PARTIALLY AGREE,PARTIALLY AGREE,PARTIALLY AGREE,AGREE,AGREE,AGREE,DISAGREE,PARTIALLY AGREE,AGREE,AGREE,AGREE,MOST QUESTIONS,VERY FEW QUESTIONS,VERY FEW QUESTIONS,VERY FEW QUESTIONS,VERY FEW QUESTIONS,VERY FEW QUESTIONS,VERY FEW QUESTIONS,NO QUESTIONS,AGREE,AGREE,AGREE,AGREE,AGREE,AGREE,AGREE,AGREE
EST0140,Colegio_5,Male,14,NO,12,DID NOT REPEAT,SECOND,INCOMPLETE SECONDARY,INCOMPLETE SECONDARY,123456,FREQUENTLY,SOMETIMES,MOBILE PHONE,DISAGREE,PARTIALLY AGREE,PARTIALLY AGREE,DISAGREE,AGREE,PARTIALLY AGREE,AGREE,PARTIALLY AGREE,PARTIALLY AGREE,DISAGREE,AGREE,AGREE,VERY FEW QUESTIONS,VERY FEW QUESTIONS,MOST QUESTIONS,VERY FEW QUESTIONS,VERY FEW QUESTIONS,MOST QUESTIONS,VERY FEW QUESTIONS,MOST QUESTIONS,PARTIALLY AGREE,AGREE,PARTIALLY AGREE,PARTIALLY AGREE,PARTIALLY AGREE,PARTIALLY AGREE,PARTIALLY AGREE,PARTIALLY AGREE
EST0126,Colegio_5,Male,15,DON'T KNOW,1,THIRD,DID NOT REPEAT,INCOMPLETE SECONDARY,DON'T KNOW,4,FREQUENTLY,-888,MOBILE PHONE,PARTIALLY AGREE,PARTIALLY AGREE,AGREE,PARTIALLY AGREE,PARTIALLY AGREE,PARTIALLY AGREE,PARTIALLY AGREE,AGREE,PARTIALLY AGREE,PARTIALLY AGREE,PARTIALLY AGREE,AGREE,MOST QUESTIONS,MOST QUESTIONS,VERY FEW QUESTIONS,MOST QUESTIONS,MOST QUESTIONS,MOST QUESTIONS,MOST QUESTIONS,VERY FEW QUESTIONS,AGREE,AGREE,AGREE,AGREE,AGREE,AGREE,PARTIALLY AGREE,AGREE
EST0121,Colegio_5,Female,15,YES,1,DID NOT REPEAT,DID NOT REPEAT,DON'T KNOW,DON'T KNOW,456,SOMETIMES,SOMETIMES,MOBILE PHONE,AGREE,PARTIALLY AGREE,PARTIALLY AGREE,PARTIALLY AGREE,AGREE,PARTIALLY AGREE,AGREE,PARTIALLY AGREE,PARTIALLY AGREE,PARTIALLY AGREE,AGREE,AGREE,VERY FEW QUESTIONS,MOST QUESTIONS,VERY FEW QUESTIONS,ALL QUESTIONS,VERY FEW QUESTIONS,VERY FEW QUESTIONS,MOST QUESTIONS,VERY FEW QUESTIONS,DISAGREE,AGREE,PARTIALLY AGREE,AGREE,AGREE,AGREE,PARTIALLY AGREE,PARTIALLY AGREE
EST0116,Colegio_5,Male,14,YES,1,DID NOT REPEAT,DID NOT REPEAT,COMPLETE SECONDARY,COMPLETE SECONDARY,45,FREQUENTLY,FREQUENTLY,MOBILE PHONE,PARTIALLY AGREE,AGREE,AGREE,PARTIALLY AGREE,AGREE,AGREE,AGREE,AGREE,AGREE,AGREE,AGREE,AGREE,VERY FEW QUESTIONS,MOST QUESTIONS,NO QUESTIONS,VERY FEW QUESTIONS,VERY FEW QUESTIONS,MOST QUESTIONS,ALL QUESTIONS,MOST QUESTIONS,AGREE,PARTIALLY AGREE,PARTIALLY AGREE,AGREE,PARTIALLY AGREE,AGREE,DISAGREE,PARTIALLY AGREE
EST0119,Colegio_5,Female,14,NO,1,DID NOT REPEAT,DID NOT REPEAT,COMPLETE PRIMARY,COMPLETE SECONDARY,145,SOMETIMES,FREQUENTLY,MOBILE PHONE,DISAGREE,AGREE,AGREE,DISAGREE,AGREE,AGREE,AGREE,DISAGREE,PARTIALLY AGREE,PARTIALLY AGREE,PARTIALLY AGREE,PARTIALLY AGREE,VERY FEW QUESTIONS,NO QUESTIONS,NO QUESTIONS,VERY FEW QUESTIONS,VERY FEW QUESTIONS,VERY FEW QUESTIONS,VERY FEW QUESTIONS,VERY FEW QUESTIONS,AGREE,AGREE,AGREE,AGREE,AGREE,AGREE,DISAGREE,AGREE
EST0118,Colegio_5,Male,15,YES,1,DID NOT REPEAT,DID NOT REPEAT,INCOMPLETE PRIMARY,COMPLETE SECONDARY,45,FREQUENTLY,FREQUENTLY,MOBILE PHONE,PARTIALLY AGREE,AGREE,PARTIALLY AGREE,PARTIALLY AGREE,AGREE,AGREE,AGREE,PARTIALLY AGREE,AGREE,PARTIALLY AGREE,AGREE,AGREE,MOST QUESTIONS,VERY FEW QUESTIONS,VERY FEW QUESTIONS,MOST QUESTIONS,VERY FEW QUESTIONS,MOST QUESTIONS,VERY FEW QUESTIONS,VERY FEW QUESTIONS,AGREE,AGREE,AGREE,AGREE,AGREE,AGREE,AGREE,AGREE
EST0117,Colegio_5,Female,16,YES,1,THIRD,DID NOT REPEAT,INCOMPLETE SECONDARY,INCOMPLETE PRIMARY,12456,FREQUENTLY,FREQUENTLY,MOBILE PHONE,PARTIALLY AGREE,AGREE,PARTIALLY AGREE,DISAGREE,AGREE,AGREE,PARTIALLY AGREE,AGREE,PARTIALLY AGREE,DISAGREE,AGREE,AGREE,MOST QUESTIONS,MOST QUESTIONS,NO QUESTIONS,VERY FEW QUESTIONS,NO QUESTIONS,VERY FEW QUESTIONS,MOST QUESTIONS,NO QUESTIONS,AGREE,AGREE,AGREE,AGREE,AGREE,AGREE,DISAGREE,PARTIALLY AGREE
EST0115,Colegio_5,Female,15,YES,123,DID NOT REPEAT,DID NOT REPEAT,INCOMPLETE SECONDARY,INCOMPLETE SECONDARY,456,SOMETIMES,SOMETIMES,MOBILE PHONE,AGREE,PARTIALLY AGREE,PARTIALLY AGREE,PARTIALLY AGREE,AGREE,PARTIALLY AGREE,AGREE,DISAGREE,DISAGREE,DISAGREE,AGREE,AGREE,MOST QUESTIONS,MOST QUESTIONS,VERY FEW QUESTIONS,VERY FEW QUESTIONS,VERY FEW QUESTIONS,MOST QUESTIONS,MOST QUESTIONS,MOST QUESTIONS,AGREE,AGREE,AGREE,AGREE,AGREE,AGREE,DISAGREE,PARTIALLY AGREE
EST0179,Colegio_6,Female,12,DON'T KNOW,1,DID NOT REPEAT,DID NOT REPEAT,COMPLETE SECONDARY,COMPLETE SECONDARY,45,SOMETIMES,FREQUENTLY,MOBILE PHONE,AGREE,AGREE,AGREE,AGREE,AGREE,DISAGREE,DISAGREE,AGREE,AGREE,PARTIALLY AGREE,AGREE,AGREE,MOST QUESTIONS,VERY FEW QUESTIONS,MOST QUESTIONS,NO QUESTIONS,MOST QUESTIONS,NO QUESTIONS,MOST QUESTIONS,ALL QUESTIONS,AGREE,PARTIALLY AGREE,AGREE,DISAGREE,AGREE,DISAGREE,PARTIALLY AGREE,AGREE
EST0180,Colegio_6,Male,14,YES,1,DID NOT REPEAT,DID NOT REPEAT,COMPLETE SECONDARY,TECHNICAL HIGHER EDUCATION,1234567,SOMETIMES,SOMETIMES,MOBILE PHONE,PARTIALLY AGREE,AGREE,AGREE,PARTIALLY AGREE,AGREE,AGREE,AGREE,DISAGREE,DISAGREE,DISAGREE,AGREE,AGREE,ALL QUESTIONS,ALL QUESTIONS,NO QUESTIONS,VERY FEW QUESTIONS,VERY FEW QUESTIONS,ALL QUESTIONS,ALL QUESTIONS,MOST QUESTIONS,AGREE,AGREE,AGREE,AGREE,AGREE,AGREE,AGREE,AGREE
EST0161,Colegio_6,Female,12,YES,1,DID NOT REPEAT,DID NOT REPEAT,COMPLETE SECONDARY,COMPLETE SECONDARY,245,FREQUENTLY,NEVER,MOBILE PHONE,PARTIALLY AGREE,AGREE,AGREE,PARTIALLY AGREE,AGREE,AGREE,AGREE,PARTIALLY AGREE,PARTIALLY AGREE,AGREE,AGREE,AGREE,ALL QUESTIONS,MOST QUESTIONS,VERY FEW QUESTIONS,VERY FEW QUESTIONS,VERY FEW QUESTIONS,MOST QUESTIONS,ALL QUESTIONS,VERY FEW QUESTIONS,AGREE,PARTIALLY AGREE,AGREE,PARTIALLY AGREE,AGREE,AGREE,DISAGREE,AGREE
EST0173,Colegio_6,Female,14,YES,1,DID NOT REPEAT,DID NOT REPEAT,TECHNICAL HIGHER EDUCATION,COMPLETE SECONDARY,124567,SOMETIMES,FREQUENTLY,COMPUTER/LAPTOP,PARTIALLY AGREE,PARTIALLY AGREE,AGREE,AGREE,AGREE,AGREE,AGREE,DISAGREE,DISAGREE,DISAGREE,AGREE,AGREE,ALL QUESTIONS,MOST QUESTIONS,VERY FEW QUESTIONS,NO QUESTIONS,NO QUESTIONS,VERY FEW QUESTIONS,MOST QUESTIONS,VERY FEW QUESTIONS,AGREE,AGREE,AGREE,AGREE,AGREE,AGREE,PARTIALLY AGREE,PARTIALLY AGREE
EST0178,Colegio_6,Female,12,YES,1,DID NOT REPEAT,DID NOT REPEAT,INCOMPLETE SECONDARY,DON'T KNOW,45,-777,FREQUENTLY,MOBILE PHONE,PARTIALLY AGREE,AGREE,PARTIALLY AGREE,PARTIALLY AGREE,PARTIALLY AGREE,AGREE,AGREE,AGREE,PARTIALLY AGREE,AGREE,AGREE,AGREE,VERY FEW QUESTIONS,MOST QUESTIONS,MOST QUESTIONS,MOST QUESTIONS,VERY FEW QUESTIONS,MOST QUESTIONS,VERY FEW QUESTIONS,MOST QUESTIONS,AGREE,AGREE,AGREE,AGREE,AGREE,AGREE,AGREE,PARTIALLY AGREE
EST0167,Colegio_6,Female,13,YES,1,FIFTH,DID NOT REPEAT,COMPLETE SECONDARY,COMPLETE SECONDARY,45,SOMETIMES,FREQUENTLY,MOBILE PHONE,PARTIALLY AGREE,AGREE,PARTIALLY AGREE,PARTIALLY AGREE,AGREE,PARTIALLY AGREE,AGREE,AGREE,PARTIALLY AGREE,AGREE,AGREE,AGREE,VERY FEW QUESTIONS,MOST QUESTIONS,MOST QUESTIONS,MOST QUESTIONS,VERY FEW QUESTIONS,MOST QUESTIONS,VERY FEW QUESTIONS,MOST QUESTIONS,AGREE,AGREE,AGREE,AGREE,AGREE,AGREE,AGREE,PARTIALLY AGREE
EST0148,Colegio_6,Female,14,YES,1,DID NOT REPEAT,DID NOT REPEAT,COMPLETE SECONDARY,COMPLETE SECONDARY,14567,SOMETIMES,FREQUENTLY,MOBILE PHONE,PARTIALLY AGREE,PARTIALLY AGREE,PARTIALLY AGREE,PARTIALLY AGREE,AGREE,PARTIALLY AGREE,AGREE,DISAGREE,PARTIALLY AGREE,PARTIALLY AGREE,PARTIALLY AGREE,PARTIALLY AGREE,VERY FEW QUESTIONS,MOST QUESTIONS,VERY FEW QUESTIONS,VERY FEW QUESTIONS,VERY FEW QUESTIONS,MOST QUESTIONS,MOST QUESTIONS,VERY FEW QUESTIONS,PARTIALLY AGREE,AGREE,PARTIALLY AGREE,PARTIALLY AGREE,PARTIALLY AGREE,AGREE,PARTIALLY AGREE,PARTIALLY AGREE
EST0157,Colegio_6,Male,13,YES,12,DID NOT REPEAT,DID NOT REPEAT,DON'T KNOW,DON'T KNOW,145,FREQUENTLY,SOMETIMES,MOBILE PHONE,AGREE,PARTIALLY AGREE,PARTIALLY AGREE,AGREE,AGREE,AGREE,AGREE,AGREE,PARTIALLY AGREE,PARTIALLY AGREE,AGREE,PARTIALLY AGREE,MOST QUESTIONS,MOST QUESTIONS,ALL QUESTIONS,ALL QUESTIONS,VERY FEW QUESTIONS,ALL QUESTIONS,MOST QUESTIONS,ALL QUESTIONS,PARTIALLY AGREE,PARTIALLY AGREE,AGREE,PARTIALLY AGREE,PARTIALLY AGREE,PARTIALLY AGREE,AGREE,AGREE
EST0170,Colegio_6,Male,12,NO,1,DID NOT REPEAT,DID NOT REPEAT,COMPLETE SECONDARY,INCOMPLETE SECONDARY,45,SOMETIMES,FREQUENTLY,MOBILE PHONE,PARTIALLY AGREE,AGREE,PARTIALLY AGREE,PARTIALLY AGREE,AGREE,AGREE,AGREE,AGREE,AGREE,AGREE,AGREE,AGREE,ALL QUESTIONS,MOST QUESTIONS,VERY FEW QUESTIONS,MOST QUESTIONS,VERY FEW QUESTIONS,MOST QUESTIONS,ALL QUESTIONS,MOST QUESTIONS,AGREE,AGREE,AGREE,AGREE,AGREE,PARTIALLY AGREE,DISAGREE,AGREE
EST0184,Colegio_6,Female,12,YES,1,DID NOT REPEAT,DID NOT REPEAT,DON'T KNOW,DON'T KNOW,45,SOMETIMES,FREQUENTLY,MOBILE PHONE,AGREE,PARTIALLY AGREE,PARTIALLY AGREE,AGREE,PARTIALLY AGREE,PARTIALLY AGREE,PARTIALLY AGREE,AGREE,DISAGREE,DISAGREE,AGREE,AGREE,VERY FEW QUESTIONS,MOST QUESTIONS,VERY FEW QUESTIONS,VERY FEW QUESTIONS,MOST QUESTIONS,VERY FEW QUESTIONS,VERY FEW QUESTIONS,-777,AGREE,AGREE,AGREE,AGREE,AGREE,AGREE,PARTIALLY AGREE,PARTIALLY AGREE
EST0183,Colegio_6,Male,15,YES,1,DID NOT REPEAT,FIRST,DON'T KNOW,DON'T KNOW,45,FREQUENTLY,SOMETIMES,MOBILE PHONE,PARTIALLY AGREE,AGREE,PARTIALLY AGREE,PARTIALLY AGREE,AGREE,AGREE,AGREE,AGREE,DISAGREE,DISAGREE,AGREE,AGREE,MOST QUESTIONS,VERY FEW QUESTIONS,MOST QUESTIONS,MOST QUESTIONS,MOST QUESTIONS,VERY FEW QUESTIONS,VERY FEW QUESTIONS,VERY FEW QUESTIONS,PARTIALLY AGREE,AGREE,AGREE,PARTIALLY AGREE,PARTIALLY AGREE,PARTIALLY AGREE,DISAGREE,AGREE
EST0188,Colegio_6,Female,12,YES,1,DID NOT REPEAT,DID NOT REPEAT,UNIVERSITY EDUCATION,COMPLETE SECONDARY,124567,FREQUENTLY,FREQUENTLY,MOBILE PHONE,PARTIALLY AGREE,AGREE,AGREE,AGREE,AGREE,AGREE,AGREE,AGREE,PARTIALLY AGREE,AGREE,AGREE,AGREE,MOST QUESTIONS,VERY FEW QUESTIONS,NO QUESTIONS,MOST QUESTIONS,NO QUESTIONS,MOST QUESTIONS,MOST QUESTIONS,VERY FEW QUESTIONS,AGREE,PARTIALLY AGREE,AGREE,AGREE,AGREE,AGREE,DISAGREE,PARTIALLY AGREE
EST0189,Colegio_6,Female,12,YES,1,DID NOT REPEAT,DID NOT REPEAT,INCOMPLETE SECONDARY,COMPLETE SECONDARY,124567,FREQUENTLY,NEVER,MOBILE PHONE,PARTIALLY AGREE,AGREE,AGREE,PARTIALLY AGREE,AGREE,AGREE,AGREE,AGREE,PARTIALLY AGREE,AGREE,AGREE,AGREE,MOST QUESTIONS,VERY FEW QUESTIONS,VERY FEW QUESTIONS,VERY FEW QUESTIONS,VERY FEW QUESTIONS,MOST QUESTIONS,MOST QUESTIONS,VERY FEW QUESTIONS,AGREE,AGREE,AGREE,AGREE,AGREE,AGREE,DISAGREE,AGREE
EST0159,Colegio_6,Male,12,YES,1,DID NOT REPEAT,DID NOT REPEAT,DON'T KNOW,UNIVERSITY EDUCATION,14567,FREQUENTLY,NEVER,MOBILE PHONE,PARTIALLY AGREE,AGREE,PARTIALLY AGREE,AGREE,AGREE,AGREE,PARTIALLY AGREE,AGREE,AGREE,AGREE,AGREE,AGREE,MOST QUESTIONS,ALL QUESTIONS,VERY FEW QUESTIONS,VERY FEW QUESTIONS,VERY FEW QUESTIONS,VERY FEW QUESTIONS,MOST QUESTIONS,VERY FEW QUESTIONS,AGREE,AGREE,AGREE,AGREE,AGREE,AGREE,DISAGREE,PARTIALLY AGREE
EST0181,Colegio_6,Male,12,YES,1,DID NOT REPEAT,DID NOT REPEAT,DON'T KNOW,DON'T KNOW,1234567,SOMETIMES,FREQUENTLY,MOBILE PHONE,AGREE,AGREE,PARTIALLY AGREE,DISAGREE,AGREE,AGREE,AGREE,DISAGREE,AGREE,DISAGREE,AGREE,DISAGREE,ALL QUESTIONS,VERY FEW QUESTIONS,NO QUESTIONS,NO QUESTIONS,VERY FEW QUESTIONS,MOST QUESTIONS,ALL QUESTIONS,MOST QUESTIONS,AGREE,AGREE,AGREE,DISAGREE,DISAGREE,PARTIALLY AGREE,AGREE,DISAGREE
EST0192,Colegio_6,Male,12,YES,1,DID NOT REPEAT,DID NOT REPEAT,COMPLETE PRIMARY,COMPLETE SECONDARY,1234567,SOMETIMES,FREQUENTLY,COMPUTER/LAPTOP,PARTIALLY AGREE,AGREE,AGREE,AGREE,AGREE,PARTIALLY AGREE,AGREE,DISAGREE,PARTIALLY AGREE,AGREE,AGREE,AGREE,MOST QUESTIONS,VERY FEW QUESTIONS,MOST QUESTIONS,VERY FEW QUESTIONS,VERY FEW QUESTIONS,MOST QUESTIONS,MOST QUESTIONS,VERY FEW QUESTIONS,PARTIALLY AGREE,AGREE,DISAGREE,PARTIALLY AGREE,AGREE,PARTIALLY AGREE,PARTIALLY AGREE,AGREE
EST0171,Colegio_6,Male,13,YES,1,DID NOT REPEAT,DID NOT REPEAT,DON'T KNOW,DON'T KNOW,2456,FREQUENTLY,FREQUENTLY,MOBILE PHONE,PARTIALLY AGREE,AGREE,AGREE,AGREE,AGREE,AGREE,AGREE,AGREE,PARTIALLY AGREE,PARTIALLY AGREE,AGREE,AGREE,VERY FEW QUESTIONS,MOST QUESTIONS,NO QUESTIONS,VERY FEW QUESTIONS,MOST QUESTIONS,MOST QUESTIONS,VERY FEW QUESTIONS,NO QUESTIONS,PARTIALLY AGREE,AGREE,AGREE,AGREE,AGREE,AGREE,AGREE,PARTIALLY AGREE
EST0191,Colegio_6,Female,12,DON'T KNOW,1,DID NOT REPEAT,DID NOT REPEAT,COMPLETE SECONDARY,COMPLETE SECONDARY,4567,SOMETIMES,FREQUENTLY,MOBILE PHONE,DISAGREE,AGREE,AGREE,PARTIALLY AGREE,AGREE,AGREE,AGREE,PARTIALLY AGREE,PARTIALLY AGREE,AGREE,AGREE,AGREE,MOST QUESTIONS,MOST QUESTIONS,VERY FEW QUESTIONS,MOST QUESTIONS,MOST QUESTIONS,MOST QUESTIONS,ALL QUESTIONS,MOST QUESTIONS,PARTIALLY AGREE,AGREE,AGREE,AGREE,AGREE,AGREE,PARTIALLY AGREE,PARTIALLY AGREE
EST0190,Colegio_6,Male,13,YES,1,DID NOT REPEAT,DID NOT REPEAT,INCOMPLETE SECONDARY,DON'T KNOW,12457,SOMETIMES,FREQUENTLY,MOBILE PHONE,DISAGREE,AGREE,AGREE,AGREE,AGREE,AGREE,AGREE,PARTIALLY AGREE,PARTIALLY AGREE,AGREE,AGREE,AGREE,MOST QUESTIONS,MOST QUESTIONS,VERY FEW QUESTIONS,VERY FEW QUESTIONS,VERY FEW QUESTIONS,VERY FEW QUESTIONS,MOST QUESTIONS,VERY FEW QUESTIONS,PARTIALLY AGREE,AGREE,AGREE,AGREE,PARTIALLY AGREE,AGREE,DISAGREE,PARTIALLY AGREE
EST0158,Colegio_6,Male,12,YES,1,DID NOT REPEAT,DID NOT REPEAT,DON'T KNOW,DON'T KNOW,45,SOMETIMES,SOMETIMES,MOBILE PHONE,AGREE,PARTIALLY AGREE,AGREE,PARTIALLY AGREE,PARTIALLY AGREE,PARTIALLY AGREE,PARTIALLY AGREE,PARTIALLY AGREE,PARTIALLY AGREE,PARTIALLY AGREE,PARTIALLY AGREE,PARTIALLY AGREE,VERY FEW QUESTIONS,VERY FEW QUESTIONS,VERY FEW QUESTIONS,MOST QUESTIONS,VERY FEW QUESTIONS,VERY FEW QUESTIONS,VERY FEW QUESTIONS,VERY FEW QUESTIONS,AGREE,PARTIALLY AGREE,PARTIALLY AGREE,PARTIALLY AGREE,AGREE,AGREE,AGREE,AGREE
EST0155,Colegio_6,Female,14,NO,1,SECOND,DID NOT REPEAT,COMPLETE PRIMARY,COMPLETE SECONDARY,45,SOMETIMES,SOMETIMES,MOBILE PHONE,DISAGREE,AGREE,PARTIALLY AGREE,PARTIALLY AGREE,DISAGREE,DISAGREE,DISAGREE,PARTIALLY AGREE,PARTIALLY AGREE,PARTIALLY AGREE,AGREE,AGREE,MOST QUESTIONS,ALL QUESTIONS,NO QUESTIONS,ALL QUESTIONS,VERY FEW QUESTIONS,VERY FEW QUESTIONS,ALL QUESTIONS,ALL QUESTIONS,PARTIALLY AGREE,PARTIALLY AGREE,PARTIALLY AGREE,PARTIALLY AGREE,PARTIALLY AGREE,AGREE,DISAGREE,PARTIALLY AGREE
EST0156,Colegio_6,Female,12,YES,1,DID NOT REPEAT,FIRST,INCOMPLETE SECONDARY,INCOMPLETE SECONDARY,45,SOMETIMES,SOMETIMES,MOBILE PHONE,AGREE,PARTIALLY AGREE,PARTIALLY AGREE,PARTIALLY AGREE,PARTIALLY AGREE,PARTIALLY AGREE,PARTIALLY AGREE,PARTIALLY AGREE,AGREE,PARTIALLY AGREE,PARTIALLY AGREE,PARTIALLY AGREE,VERY FEW QUESTIONS,NO QUESTIONS,VERY FEW QUESTIONS,VERY FEW QUESTIONS,VERY FEW QUESTIONS,NO QUESTIONS,NO QUESTIONS,NO QUESTIONS,PARTIALLY AGREE,PARTIALLY AGREE,PARTIALLY AGREE,PARTIALLY AGREE,PARTIALLY AGREE,PARTIALLY AGREE,PARTIALLY AGREE,PARTIALLY AGREE
EST0175,Colegio_6,Male,14,YES,1,DID NOT REPEAT,DID NOT REPEAT,COMPLETE SECONDARY,INCOMPLETE SECONDARY,1567,-888,FREQUENTLY,MOBILE PHONE,AGREE,PARTIALLY AGREE,AGREE,PARTIALLY AGREE,AGREE,PARTIALLY AGREE,PARTIALLY AGREE,DISAGREE,DISAGREE,DISAGREE,AGREE,AGREE,MOST QUESTIONS,ALL QUESTIONS,NO QUESTIONS,VERY FEW QUESTIONS,NO QUESTIONS,MOST QUESTIONS,VERY FEW QUESTIONS,NO QUESTIONS,AGREE,AGREE,PARTIALLY AGREE,AGREE,AGREE,AGREE,DISAGREE,PARTIALLY AGREE
EST0174,Colegio_6,Male,12,YES,1,DID NOT REPEAT,DID NOT REPEAT,TECHNICAL HIGHER EDUCATION,DON'T KNOW,1245,FREQUENTLY,FREQUENTLY,MOBILE PHONE,AGREE,AGREE,PARTIALLY AGREE,AGREE,DISAGREE,PARTIALLY AGREE,AGREE,AGREE,PARTIALLY AGREE,AGREE,AGREE,AGREE,MOST QUESTIONS,MOST QUESTIONS,NO QUESTIONS,MOST QUESTIONS,VERY FEW QUESTIONS,NO QUESTIONS,VERY FEW QUESTIONS,NO QUESTIONS,AGREE,AGREE,AGREE,AGREE,AGREE,AGREE,AGREE,AGREE
EST0164,Colegio_6,Female,12,DON'T KNOW,1,DID NOT REPEAT,DID NOT REPEAT,COMPLETE PRIMARY,COMPLETE PRIMARY,12456,FREQUENTLY,SOMETIMES,MOBILE PHONE,PARTIALLY AGREE,AGREE,AGREE,AGREE,AGREE,AGREE,PARTIALLY AGREE,DISAGREE,DISAGREE,DISAGREE,AGREE,AGREE,MOST QUESTIONS,MOST QUESTIONS,VERY FEW QUESTIONS,VERY FEW QUESTIONS,NO QUESTIONS,NO QUESTIONS,ALL QUESTIONS,ALL QUESTIONS,AGREE,AGREE,AGREE,AGREE,AGREE,AGREE,PARTIALLY AGREE,PARTIALLY AGREE
EST0201,Colegio_6,Male,14,YES,1,DID NOT REPEAT,DID NOT REPEAT,COMPLETE SECONDARY,DON'T KNOW,2456,FREQUENTLY,FREQUENTLY,COMPUTER/LAPTOP,PARTIALLY AGREE,AGREE,AGREE,PARTIALLY AGREE,AGREE,AGREE,AGREE,AGREE,PARTIALLY AGREE,AGREE,AGREE,AGREE,MOST QUESTIONS,ALL QUESTIONS,VERY FEW QUESTIONS,MOST QUESTIONS,VERY FEW QUESTIONS,MOST QUESTIONS,MOST QUESTIONS,VERY FEW QUESTIONS,AGREE,AGREE,AGREE,PARTIALLY AGREE,AGREE,AGREE,PARTIALLY AGREE,AGREE
EST0199,Colegio_6,Female,14,YES,1,DID NOT REPEAT,DID NOT REPEAT,COMPLETE PRIMARY,DON'T KNOW,123456,FREQUENTLY,FREQUENTLY,MOBILE PHONE,PARTIALLY AGREE,AGREE,AGREE,PARTIALLY AGREE,AGREE,PARTIALLY AGREE,AGREE,AGREE,AGREE,PARTIALLY AGREE,AGREE,AGREE,NO QUESTIONS,NO QUESTIONS,NO QUESTIONS,VERY FEW QUESTIONS,NO QUESTIONS,NO QUESTIONS,NO QUESTIONS,VERY FEW QUESTIONS,AGREE,AGREE,AGREE,AGREE,AGREE,AGREE,AGREE,AGREE
EST0202,Colegio_6,Female,14,NO,1,DID NOT REPEAT,DID NOT REPEAT,COMPLETE SECONDARY,COMPLETE PRIMARY,14567,SOMETIMES,FREQUENTLY,MOBILE PHONE,AGREE,AGREE,PARTIALLY AGREE,AGREE,AGREE,PARTIALLY AGREE,DISAGREE,AGREE,PARTIALLY AGREE,AGREE,AGREE,AGREE,VERY FEW QUESTIONS,NO QUESTIONS,MOST QUESTIONS,VERY FEW QUESTIONS,NO QUESTIONS,VERY FEW QUESTIONS,VERY FEW QUESTIONS,NO QUESTIONS,AGREE,AGREE,AGREE,AGREE,PARTIALLY AGREE,AGREE,DISAGREE,AGREE
EST0194,Colegio_6,Male,14,YES,1,DID NOT REPEAT,DID NOT REPEAT,COMPLETE SECONDARY,COMPLETE SECONDARY,45,SOMETIMES,FREQUENTLY,MOBILE PHONE,PARTIALLY AGREE,DISAGREE,PARTIALLY AGREE,AGREE,AGREE,AGREE,AGREE,AGREE,PARTIALLY AGREE,AGREE,AGREE,AGREE,MOST QUESTIONS,MOST QUESTIONS,VERY FEW QUESTIONS,VERY FEW QUESTIONS,VERY FEW QUESTIONS,MOST QUESTIONS,ALL QUESTIONS,MOST QUESTIONS,AGREE,AGREE,AGREE,AGREE,AGREE,AGREE,DISAGREE,PARTIALLY AGREE
EST0145,Colegio_6,Male,15,YES,1,DID NOT REPEAT,DID NOT REPEAT,INCOMPLETE SECONDARY,INCOMPLETE SECONDARY,45,FREQUENTLY,FREQUENTLY,MOBILE PHONE,PARTIALLY AGREE,PARTIALLY AGREE,AGREE,AGREE,AGREE,PARTIALLY AGREE,AGREE,AGREE,PARTIALLY AGREE,DISAGREE,AGREE,AGREE,VERY FEW QUESTIONS,MOST QUESTIONS,VERY FEW QUESTIONS,VERY FEW QUESTIONS,VERY FEW QUESTIONS,VERY FEW QUESTIONS,VERY FEW QUESTIONS,MOST QUESTIONS,AGREE,AGREE,AGREE,AGREE,PARTIALLY AGREE,AGREE,PARTIALLY AGREE,PARTIALLY AGREE
EST0142,Colegio_6,Male,14,YES,1,DID NOT REPEAT,DID NOT REPEAT,DON'T KNOW,DON'T KNOW,45,SOMETIMES,FREQUENTLY,MOBILE PHONE,PARTIALLY AGREE,AGREE,AGREE,DISAGREE,AGREE,AGREE,AGREE,DISAGREE,DISAGREE,DISAGREE,AGREE,AGREE,ALL QUESTIONS,ALL QUESTIONS,NO QUESTIONS,VERY FEW QUESTIONS,NO QUESTIONS,MOST QUESTIONS,ALL QUESTIONS,ALL QUESTIONS,AGREE,AGREE,AGREE,AGREE,AGREE,PARTIALLY AGREE,DISAGREE,AGREE
EST0147,Colegio_6,Male,15,YES,1,DID NOT REPEAT,DID NOT REPEAT,DON'T KNOW,DON'T KNOW,456,SOMETIMES,FREQUENTLY,MOBILE PHONE,PARTIALLY AGREE,AGREE,AGREE,PARTIALLY AGREE,AGREE,AGREE,AGREE,AGREE,PARTIALLY AGREE,PARTIALLY AGREE,AGREE,AGREE,MOST QUESTIONS,VERY FEW QUESTIONS,NO QUESTIONS,MOST QUESTIONS,MOST QUESTIONS,NO QUESTIONS,MOST QUESTIONS,VERY FEW QUESTIONS,AGREE,AGREE,AGREE,AGREE,AGREE,AGREE,AGREE,PARTIALLY AGREE
EST0160,Colegio_6,Male,14,YES,4,DID NOT REPEAT,DID NOT REPEAT,INCOMPLETE SECONDARY,INCOMPLETE SECONDARY,145,FREQUENTLY,FREQUENTLY,MOBILE PHONE,PARTIALLY AGREE,PARTIALLY AGREE,PARTIALLY AGREE,AGREE,AGREE,AGREE,AGREE,DISAGREE,DISAGREE,DISAGREE,AGREE,AGREE,MOST QUESTIONS,ALL QUESTIONS,VERY FEW QUESTIONS,VERY FEW QUESTIONS,VERY FEW QUESTIONS,VERY FEW QUESTIONS,MOST QUESTIONS,VERY FEW QUESTIONS,AGREE,AGREE,PARTIALLY AGREE,AGREE,AGREE,AGREE,AGREE,AGREE
EST0150,Colegio_6,Female,17,YES,1,SECOND AND FOURTH,DID NOT REPEAT,INCOMPLETE SECONDARY,DON'T KNOW,2457,FREQUENTLY,SOMETIMES,MOBILE PHONE,AGREE,PARTIALLY AGREE,PARTIALLY AGREE,PARTIALLY AGREE,PARTIALLY AGREE,DISAGREE,PARTIALLY AGREE,AGREE,AGREE,PARTIALLY AGREE,AGREE,AGREE,VERY FEW QUESTIONS,VERY FEW QUESTIONS,NO QUESTIONS,MOST QUESTIONS,ALL QUESTIONS,VERY FEW QUESTIONS,NO QUESTIONS,NO QUESTIONS,DISAGREE,AGREE,AGREE,AGREE,AGREE,AGREE,AGREE,AGREE
EST0154,Colegio_6,Female,17,NO,1,SECOND,DID NOT REPEAT,COMPLETE SECONDARY,COMPLETE PRIMARY,4,SOMETIMES,NEVER,MOBILE PHONE,DISAGREE,AGREE,AGREE,PARTIALLY AGREE,AGREE,AGREE,AGREE,DISAGREE,DISAGREE,DISAGREE,AGREE,AGREE,VERY FEW QUESTIONS,NO QUESTIONS,NO QUESTIONS,VERY FEW QUESTIONS,VERY FEW QUESTIONS,VERY FEW QUESTIONS,MOST QUESTIONS,VERY FEW QUESTIONS,AGREE,AGREE,AGREE,AGREE,AGREE,AGREE,PARTIALLY AGREE,AGREE
EST0152,Colegio_6,Female,15,YES,1,DID NOT REPEAT,DID NOT REPEAT,COMPLETE SECONDARY,COMPLETE SECONDARY,1234567,SOMETIMES,SOMETIMES,MOBILE PHONE,AGREE,AGREE,PARTIALLY AGREE,PARTIALLY AGREE,AGREE,AGREE,AGREE,AGREE,PARTIALLY AGREE,PARTIALLY AGREE,AGREE,AGREE,VERY FEW QUESTIONS,NO QUESTIONS,VERY FEW QUESTIONS,ALL QUESTIONS,VERY FEW QUESTIONS,MOST QUESTIONS,VERY FEW QUESTIONS,VERY FEW QUESTIONS,AGREE,AGREE,PARTIALLY AGREE,AGREE,AGREE,AGREE,PARTIALLY AGREE,PARTIALLY AGREE
EST0151,Colegio_6,Female,16,YES,1,DID NOT REPEAT,DID NOT REPEAT,INCOMPLETE SECONDARY,INCOMPLETE SECONDARY,4,FREQUENTLY,-888,MOBILE PHONE,DISAGREE,AGREE,PARTIALLY AGREE,PARTIALLY AGREE,AGREE,AGREE,AGREE,AGREE,DISAGREE,PARTIALLY AGREE,AGREE,AGREE,VERY FEW QUESTIONS,NO QUESTIONS,NO QUESTIONS,VERY FEW QUESTIONS,VERY FEW QUESTIONS,NO QUESTIONS,MOST QUESTIONS,VERY FEW QUESTIONS,AGREE,AGREE,PARTIALLY AGREE,PARTIALLY AGREE,AGREE,AGREE,DISAGREE,DISAGREE
EST0153,Colegio_6,Male,14,YES,1,DID NOT REPEAT,DID NOT REPEAT,COMPLETE SECONDARY,COMPLETE SECONDARY,145,SOMETIMES,NEVER,MOBILE PHONE,AGREE,PARTIALLY AGREE,PARTIALLY AGREE,AGREE,AGREE,PARTIALLY AGREE,DISAGREE,AGREE,DISAGREE,DISAGREE,AGREE,AGREE,MOST QUESTIONS,MOST QUESTIONS,NO QUESTIONS,MOST QUESTIONS,NO QUESTIONS,MOST QUESTIONS,VERY FEW QUESTIONS,ALL QUESTIONS,AGREE,AGREE,AGREE,AGREE,AGREE,AGREE,DISAGREE,DISAGREE
EST0149,Colegio_6,Female,15,YES,1,DID NOT REPEAT,DID NOT REPEAT,COMPLETE SECONDARY,UNIVERSITY EDUCATION,456,FREQUENTLY,FREQUENTLY,MOBILE PHONE,AGREE,PARTIALLY AGREE,DISAGREE,PARTIALLY AGREE,AGREE,AGREE,AGREE,PARTIALLY AGREE,DISAGREE,AGREE,AGREE,AGREE,MOST QUESTIONS,ALL QUESTIONS,NO QUESTIONS,VERY FEW QUESTIONS,VERY FEW QUESTIONS,MOST QUESTIONS,MOST QUESTIONS,MOST QUESTIONS,AGREE,AGREE,AGREE,AGREE,AGREE,AGREE,DISAGREE,DISAGREE
EST0143,Colegio_6,Female,15,YES,1,DID NOT REPEAT,DID NOT REPEAT,INCOMPLETE SECONDARY,INCOMPLETE PRIMARY,456,FREQUENTLY,FREQUENTLY,MOBILE PHONE,PARTIALLY AGREE,PARTIALLY AGREE,PARTIALLY AGREE,PARTIALLY AGREE,AGREE,AGREE,AGREE,AGREE,PARTIALLY AGREE,DISAGREE,AGREE,AGREE,MOST QUESTIONS,MOST QUESTIONS,VERY FEW QUESTIONS,VERY FEW QUESTIONS,VERY FEW QUESTIONS,VERY FEW QUESTIONS,MOST QUESTIONS,VERY FEW QUESTIONS,AGREE,AGREE,AGREE,AGREE,AGREE,AGREE,AGREE,DISAGREE
EST0146,Colegio_6,Female,15,YES,1,DID NOT REPEAT,DID NOT REPEAT,COMPLETE SECONDARY,DON'T KNOW,456,SOMETIMES,FREQUENTLY,MOBILE PHONE,AGREE,PARTIALLY AGREE,AGREE,DISAGREE,AGREE,AGREE,PARTIALLY AGREE,AGREE,DISAGREE,DISAGREE,AGREE,PARTIALLY AGREE,VERY FEW QUESTIONS,VERY FEW QUESTIONS,VERY FEW QUESTIONS,MOST QUESTIONS,MOST QUESTIONS,MOST QUESTIONS,MOST QUESTIONS,VERY FEW QUESTIONS,AGREE,AGREE,AGREE,AGREE,AGREE,AGREE,AGREE,AGREE
EST0198,Colegio_6,Male,14,YES,1,DID NOT REPEAT,DID NOT REPEAT,COMPLETE SECONDARY,DON'T KNOW,45,SOMETIMES,FREQUENTLY,MOBILE PHONE,AGREE,AGREE,PARTIALLY AGREE,AGREE,AGREE,AGREE,AGREE,AGREE,AGREE,AGREE,AGREE,AGREE,MOST QUESTIONS,ALL QUESTIONS,ALL QUESTIONS,MOST QUESTIONS,ALL QUESTIONS,ALL QUESTIONS,MOST QUESTIONS,ALL QUESTIONS,AGREE,AGREE,AGREE,AGREE,AGREE,AGREE,AGREE,AGREE
EST0166,Colegio_6,Female,12,YES,1,DID NOT REPEAT,DID NOT REPEAT,COMPLETE PRIMARY,COMPLETE PRIMARY,1345,FREQUENTLY,FREQUENTLY,TABLET,AGREE,AGREE,PARTIALLY AGREE,AGREE,AGREE,AGREE,PARTIALLY AGREE,AGREE,DISAGREE,DISAGREE,AGREE,AGREE,MOST QUESTIONS,MOST QUESTIONS,VERY FEW QUESTIONS,VERY FEW QUESTIONS,VERY FEW QUESTIONS,MOST QUESTIONS,MOST QUESTIONS,VERY FEW QUESTIONS,AGREE,AGREE,AGREE,AGREE,AGREE,AGREE,PARTIALLY AGREE,PARTIALLY AGREE
EST0163,Colegio_6,Male,12,YES,1,DID NOT REPEAT,DID NOT REPEAT,DON'T KNOW,DON'T KNOW,1234567,SOMETIMES,SOMETIMES,MOBILE PHONE,AGREE,AGREE,PARTIALLY AGREE,PARTIALLY AGREE,AGREE,DISAGREE,AGREE,DISAGREE,AGREE,DISAGREE,AGREE,DISAGREE,ALL QUESTIONS,VERY FEW QUESTIONS,MOST QUESTIONS,NO QUESTIONS,VERY FEW QUESTIONS,MOST QUESTIONS,ALL QUESTIONS,MOST QUESTIONS,AGREE,AGREE,AGREE,DISAGREE,DISAGREE,PARTIALLY AGREE,AGREE,DISAGREE
EST0185,Colegio_6,Female,13,YES,1,DID NOT REPEAT,DID NOT REPEAT,UNIVERSITY EDUCATION,UNIVERSITY EDUCATION,14567,SOMETIMES,FREQUENTLY,MOBILE PHONE,DISAGREE,AGREE,AGREE,PARTIALLY AGREE,AGREE,AGREE,AGREE,PARTIALLY AGREE,DISAGREE,PARTIALLY AGREE,AGREE,AGREE,MOST QUESTIONS,MOST QUESTIONS,VERY FEW QUESTIONS,NO QUESTIONS,VERY FEW QUESTIONS,VERY FEW QUESTIONS,MOST QUESTIONS,VERY FEW QUESTIONS,PARTIALLY AGREE,DISAGREE,PARTIALLY AGREE,PARTIALLY AGREE,DISAGREE,AGREE,PARTIALLY AGREE,PARTIALLY AGREE
EST0141,Colegio_6,Female,14,NO,15,DID NOT REPEAT,DID NOT REPEAT,INCOMPLETE SECONDARY,COMPLETE SECONDARY,15,-888,FREQUENTLY,MOBILE PHONE,PARTIALLY AGREE,PARTIALLY AGREE,AGREE,DISAGREE,AGREE,AGREE,AGREE,DISAGREE,DISAGREE,DISAGREE,AGREE,AGREE,MOST QUESTIONS,VERY FEW QUESTIONS,MOST QUESTIONS,MOST QUESTIONS,VERY FEW QUESTIONS,VERY FEW QUESTIONS,MOST QUESTIONS,ALL QUESTIONS,AGREE,AGREE,AGREE,AGREE,AGREE,AGREE,AGREE,AGREE
EST0168,Colegio_6,Female,12,YES,1,DID NOT REPEAT,DID NOT REPEAT,COMPLETE SECONDARY,INCOMPLETE SECONDARY,46,SOMETIMES,-888,MOBILE PHONE,PARTIALLY AGREE,PARTIALLY AGREE,PARTIALLY AGREE,PARTIALLY AGREE,AGREE,PARTIALLY AGREE,AGREE,AGREE,PARTIALLY AGREE,PARTIALLY AGREE,AGREE,AGREE,VERY FEW QUESTIONS,VERY FEW QUESTIONS,VERY FEW QUESTIONS,MOST QUESTIONS,VERY FEW QUESTIONS,VERY FEW QUESTIONS,VERY FEW QUESTIONS,VERY FEW QUESTIONS,AGREE,AGREE,AGREE,PARTIALLY AGREE,AGREE,AGREE,AGREE,PARTIALLY AGREE
EST0177,Colegio_6,Male,13,YES,1,DID NOT REPEAT,DID NOT REPEAT,DON'T KNOW,DON'T KNOW,124567,FREQUENTLY,FREQUENTLY,MOBILE PHONE,PARTIALLY AGREE,PARTIALLY AGREE,PARTIALLY AGREE,PARTIALLY AGREE,AGREE,AGREE,AGREE,PARTIALLY AGREE,DISAGREE,DISAGREE,AGREE,AGREE,MOST QUESTIONS,VERY FEW QUESTIONS,NO QUESTIONS,NO QUESTIONS,NO QUESTIONS,MOST QUESTIONS,MOST QUESTIONS,VERY FEW QUESTIONS,PARTIALLY AGREE,PARTIALLY AGREE,PARTIALLY AGREE,PARTIALLY AGREE,PARTIALLY AGREE,AGREE,AGREE,DISAGREE
EST0193,Colegio_6,Male,12,YES,1,DID NOT REPEAT,DID NOT REPEAT,TECHNICAL HIGHER EDUCATION,DON'T KNOW,1234567,SOMETIMES,FREQUENTLY,COMPUTER/LAPTOP,PARTIALLY AGREE,PARTIALLY AGREE,AGREE,PARTIALLY AGREE,AGREE,AGREE,AGREE,PARTIALLY AGREE,DISAGREE,PARTIALLY AGREE,AGREE,AGREE,VERY FEW QUESTIONS,ALL QUESTIONS,MOST QUESTIONS,VERY FEW QUESTIONS,MOST QUESTIONS,VERY FEW QUESTIONS,VERY FEW QUESTIONS,ALL QUESTIONS,AGREE,AGREE,AGREE,AGREE,AGREE,AGREE,PARTIALLY AGREE,AGREE
EST0187,Colegio_6,Female,12,DON'T KNOW,1,DID NOT REPEAT,DID NOT REPEAT,INCOMPLETE PRIMARY,INCOMPLETE SECONDARY,134567,FREQUENTLY,FREQUENTLY,TABLET,PARTIALLY AGREE,AGREE,PARTIALLY AGREE,AGREE,AGREE,AGREE,PARTIALLY AGREE,AGREE,PARTIALLY AGREE,AGREE,AGREE,AGREE,VERY FEW QUESTIONS,MOST QUESTIONS,VERY FEW QUESTIONS,MOST QUESTIONS,VERY FEW QUESTIONS,VERY FEW QUESTIONS,VERY FEW QUESTIONS,VERY FEW QUESTIONS,AGREE,AGREE,PARTIALLY AGREE,AGREE,AGREE,AGREE,PARTIALLY AGREE,AGREE
EST0162,Colegio_6,Female,13,YES,4,DID NOT REPEAT,FIRST,COMPLETE PRIMARY,DON'T KNOW,47,FREQUENTLY,-888,MOBILE PHONE,DISAGREE,PARTIALLY AGREE,DISAGREE,PARTIALLY AGREE,PARTIALLY AGREE,DISAGREE,PARTIALLY AGREE,DISAGREE,AGREE,DISAGREE,AGREE,DISAGREE,MOST QUESTIONS,ALL QUESTIONS,VERY FEW QUESTIONS,MOST QUESTIONS,ALL QUESTIONS,VERY FEW QUESTIONS,MOST QUESTIONS,NO QUESTIONS,DISAGREE,PARTIALLY AGREE,PARTIALLY AGREE,DISAGREE,PARTIALLY AGREE,PARTIALLY AGREE,DISAGREE,AGREE
EST0172,Colegio_6,Male,13,YES,1,DID NOT REPEAT,DID NOT REPEAT,TECHNICAL HIGHER EDUCATION,COMPLETE SECONDARY,45,FREQUENTLY,FREQUENTLY,MOBILE PHONE,PARTIALLY AGREE,AGREE,PARTIALLY AGREE,AGREE,AGREE,PARTIALLY AGREE,PARTIALLY AGREE,PARTIALLY AGREE,PARTIALLY AGREE,PARTIALLY AGREE,PARTIALLY AGREE,AGREE,MOST QUESTIONS,MOST QUESTIONS,VERY FEW QUESTIONS,VERY FEW QUESTIONS,NO QUESTIONS,VERY FEW QUESTIONS,MOST QUESTIONS,MOST QUESTIONS,AGREE,AGREE,AGREE,AGREE,AGREE,AGREE,AGREE,AGREE
EST0203,Colegio_6,Female,14,YES,1,DID NOT REPEAT,DID NOT REPEAT,COMPLETE SECONDARY,INCOMPLETE PRIMARY,1234567,FREQUENTLY,SOMETIMES,COMPUTER/LAPTOP,PARTIALLY AGREE,AGREE,AGREE,AGREE,AGREE,AGREE,AGREE,AGREE,AGREE,AGREE,AGREE,AGREE,VERY FEW QUESTIONS,NO QUESTIONS,MOST QUESTIONS,VERY FEW QUESTIONS,NO QUESTIONS,NO QUESTIONS,NO QUESTIONS,NO QUESTIONS,AGREE,AGREE,AGREE,AGREE,AGREE,AGREE,AGREE,AGREE
EST0196,Colegio_6,Female,15,NO,1,DID NOT REPEAT,DID NOT REPEAT,DON'T KNOW,DON'T KNOW,45,FREQUENTLY,FREQUENTLY,MOBILE PHONE,AGREE,AGREE,AGREE,PARTIALLY AGREE,AGREE,PARTIALLY AGREE,AGREE,AGREE,AGREE,AGREE,AGREE,AGREE,NO QUESTIONS,NO QUESTIONS,NO QUESTIONS,NO QUESTIONS,NO QUESTIONS,NO QUESTIONS,NO QUESTIONS,VERY FEW QUESTIONS,AGREE,AGREE,AGREE,AGREE,AGREE,AGREE,AGREE,AGREE
EST0200,Colegio_6,Male,13,YES,1,DID NOT REPEAT,DID NOT REPEAT,UNIVERSITY EDUCATION,DON'T KNOW,5,-888,FREQUENTLY,MOBILE PHONE,PARTIALLY AGREE,PARTIALLY AGREE,PARTIALLY AGREE,AGREE,AGREE,AGREE,PARTIALLY AGREE,PARTIALLY AGREE,PARTIALLY AGREE,AGREE,AGREE,AGREE,VERY FEW QUESTIONS,MOST QUESTIONS,VERY FEW QUESTIONS,ALL QUESTIONS,VERY FEW QUESTIONS,VERY FEW QUESTIONS,MOST QUESTIONS,VERY FEW QUESTIONS,PARTIALLY AGREE,PARTIALLY AGREE,AGREE,AGREE,AGREE,AGREE,AGREE,PARTIALLY AGREE
EST0197,Colegio_6,Male,14,YES,1,DID NOT REPEAT,DID NOT REPEAT,COMPLETE SECONDARY,COMPLETE SECONDARY,456,FREQUENTLY,FREQUENTLY,MOBILE PHONE,PARTIALLY AGREE,PARTIALLY AGREE,AGREE,AGREE,AGREE,DISAGREE,PARTIALLY AGREE,AGREE,PARTIALLY AGREE,AGREE,AGREE,AGREE,VERY FEW QUESTIONS,MOST QUESTIONS,VERY FEW QUESTIONS,MOST QUESTIONS,VERY FEW QUESTIONS,VERY FEW QUESTIONS,MOST QUESTIONS,MOST QUESTIONS,AGREE,AGREE,PARTIALLY AGREE,AGREE,PARTIALLY AGREE,DISAGREE,PARTIALLY AGREE,AGREE
EST0195,Colegio_6,Male,14,NO,1,DID NOT REPEAT,DID NOT REPEAT,INCOMPLETE SECONDARY,DON'T KNOW,2456,SOMETIMES,FREQUENTLY,MOBILE PHONE,PARTIALLY AGREE,PARTIALLY AGREE,DISAGREE,PARTIALLY AGREE,PARTIALLY AGREE,AGREE,AGREE,AGREE,AGREE,AGREE,AGREE,AGREE,MOST QUESTIONS,VERY FEW QUESTIONS,VERY FEW QUESTIONS,VERY FEW QUESTIONS,VERY FEW QUESTIONS,MOST QUESTIONS,MOST QUESTIONS,VERY FEW QUESTIONS,AGREE,AGREE,AGREE,AGREE,AGREE,AGREE,PARTIALLY AGREE,PARTIALLY AGREE
EST0165,Colegio_6,Male,13,DON'T KNOW,1,DID NOT REPEAT,FIRST,COMPLETE SECONDARY,COMPLETE SECONDARY,145,FREQUENTLY,FREQUENTLY,COMPUTER/LAPTOP,PARTIALLY AGREE,AGREE,PARTIALLY AGREE,DISAGREE,AGREE,PARTIALLY AGREE,AGREE,AGREE,PARTIALLY AGREE,AGREE,AGREE,AGREE,MOST QUESTIONS,MOST QUESTIONS,ALL QUESTIONS,MOST QUESTIONS,ALL QUESTIONS,MOST QUESTIONS,MOST QUESTIONS,VERY FEW QUESTIONS,AGREE,PARTIALLY AGREE,AGREE,DISAGREE,AGREE,PARTIALLY AGREE,AGREE,PARTIALLY AGREE
EST0186,Colegio_6,Male,14,YES,1,FIFTH,DID NOT REPEAT,UNIVERSITY EDUCATION,UNIVERSITY EDUCATION,145,SOMETIMES,FREQUENTLY,MOBILE PHONE,AGREE,PARTIALLY AGREE,AGREE,PARTIALLY AGREE,AGREE,PARTIALLY AGREE,PARTIALLY AGREE,AGREE,PARTIALLY AGREE,DISAGREE,AGREE,AGREE,MOST QUESTIONS,VERY FEW QUESTIONS,VERY FEW QUESTIONS,VERY FEW QUESTIONS,NO QUESTIONS,VERY FEW QUESTIONS,VERY FEW QUESTIONS,NO QUESTIONS,AGREE,AGREE,AGREE,AGREE,AGREE,AGREE,DISAGREE,PARTIALLY AGREE
EST0176,Colegio_6,Male,13,NO,3,DID NOT REPEAT,DID NOT REPEAT,COMPLETE SECONDARY,COMPLETE SECONDARY,2345,FREQUENTLY,SOMETIMES,TABLET,PARTIALLY AGREE,PARTIALLY AGREE,PARTIALLY AGREE,AGREE,AGREE,AGREE,AGREE,AGREE,PARTIALLY AGREE,AGREE,AGREE,AGREE,VERY FEW QUESTIONS,VERY FEW QUESTIONS,MOST QUESTIONS,ALL QUESTIONS,ALL QUESTIONS,VERY FEW QUESTIONS,VERY FEW QUESTIONS,MOST QUESTIONS,AGREE,AGREE,PARTIALLY AGREE,AGREE,AGREE,AGREE,AGREE,DISAGREE
EST0169,Colegio_6,Male,13,YES,1,DID NOT REPEAT,DID NOT REPEAT,DON'T KNOW,DON'T KNOW,2356,-888,FREQUENTLY,COMPUTER/LAPTOP,PARTIALLY AGREE,PARTIALLY AGREE,AGREE,PARTIALLY AGREE,AGREE,PARTIALLY AGREE,AGREE,PARTIALLY AGREE,PARTIALLY AGREE,PARTIALLY AGREE,AGREE,AGREE,VERY FEW QUESTIONS,VERY FEW QUESTIONS,VERY FEW QUESTIONS,VERY FEW QUESTIONS,NO QUESTIONS,NO QUESTIONS,VERY FEW QUESTIONS,NO QUESTIONS,AGREE,PARTIALLY AGREE,PARTIALLY AGREE,PARTIALLY AGREE,PARTIALLY AGREE,PARTIALLY AGREE,DISAGREE,PARTIALLY AGREE
EST0182,Colegio_6,Female,14,YES,1,SECOND,DID NOT REPEAT,COMPLETE SECONDARY,NO FORMAL EDUCATION,45,FREQUENTLY,FREQUENTLY,MOBILE PHONE,DISAGREE,AGREE,AGREE,AGREE,AGREE,AGREE,DISAGREE,PARTIALLY AGREE,PARTIALLY AGREE,AGREE,AGREE,AGREE,MOST QUESTIONS,VERY FEW QUESTIONS,MOST QUESTIONS,ALL QUESTIONS,VERY FEW QUESTIONS,MOST QUESTIONS,ALL QUESTIONS,VERY FEW QUESTIONS,AGREE,PARTIALLY AGREE,DISAGREE,PARTIALLY AGREE,AGREE,AGREE,AGREE,DISAGREE
EST0211,Colegio_6,Female,15,YES,1,DID NOT REPEAT,DID NOT REPEAT,TECHNICAL HIGHER EDUCATION,DON'T KNOW,145,FREQUENTLY,FREQUENTLY,MOBILE PHONE,PARTIALLY AGREE,AGREE,PARTIALLY AGREE,PARTIALLY AGREE,AGREE,AGREE,PARTIALLY AGREE,PARTIALLY AGREE,PARTIALLY AGREE,AGREE,AGREE,AGREE,MOST QUESTIONS,VERY FEW QUESTIONS,VERY FEW QUESTIONS,VERY FEW QUESTIONS,VERY FEW QUESTIONS,VERY FEW QUESTIONS,MOST QUESTIONS,MOST QUESTIONS,AGREE,AGREE,AGREE,AGREE,AGREE,AGREE,AGREE,PARTIALLY AGREE
EST0204,Colegio_6,Female,14,YES,1,DID NOT REPEAT,DID NOT REPEAT,DON'T KNOW,COMPLETE SECONDARY,14567,FREQUENTLY,FREQUENTLY,MOBILE PHONE,PARTIALLY AGREE,PARTIALLY AGREE,AGREE,PARTIALLY AGREE,PARTIALLY AGREE,PARTIALLY AGREE,AGREE,PARTIALLY AGREE,PARTIALLY AGREE,AGREE,AGREE,,NO QUESTIONS,NO QUESTIONS,MOST QUESTIONS,MOST QUESTIONS,VERY FEW QUESTIONS,NO QUESTIONS,MOST QUESTIONS,VERY FEW QUESTIONS,AGREE,AGREE,AGREE,AGREE,PARTIALLY AGREE,DISAGREE,DISAGREE,PARTIALLY AGREE
EST0208,Colegio_6,Female,16,NO,12,FIFTH,DID NOT REPEAT,COMPLETE SECONDARY,COMPLETE SECONDARY,5,-888,FREQUENTLY,MOBILE PHONE,PARTIALLY AGREE,PARTIALLY AGREE,AGREE,DISAGREE,AGREE,AGREE,PARTIALLY AGREE,AGREE,DISAGREE,DISAGREE,AGREE,AGREE,VERY FEW QUESTIONS,ALL QUESTIONS,MOST QUESTIONS,ALL QUESTIONS,MOST QUESTIONS,VERY FEW QUESTIONS,MOST QUESTIONS,VERY FEW QUESTIONS,DISAGREE,PARTIALLY AGREE,PARTIALLY AGREE,AGREE,AGREE,AGREE,DISAGREE,DISAGREE
EST0205,Colegio_6,Male,14,DON'T KNOW,1,DID NOT REPEAT,DID NOT REPEAT,DON'T KNOW,DON'T KNOW,2456,FREQUENTLY,SOMETIMES,MOBILE PHONE,PARTIALLY AGREE,PARTIALLY AGREE,PARTIALLY AGREE,PARTIALLY AGREE,AGREE,AGREE,PARTIALLY AGREE,PARTIALLY AGREE,PARTIALLY AGREE,PARTIALLY AGREE,AGREE,AGREE,MOST QUESTIONS,VERY FEW QUESTIONS,VERY FEW QUESTIONS,VERY FEW QUESTIONS,VERY FEW QUESTIONS,VERY FEW QUESTIONS,MOST QUESTIONS,VERY FEW QUESTIONS,AGREE,AGREE,AGREE,AGREE,AGREE,AGREE,DISAGREE,AGREE
EST0206,Colegio_6,Female,14,YES,1,DID NOT REPEAT,DID NOT REPEAT,COMPLETE SECONDARY,COMPLETE SECONDARY,1467,FREQUENTLY,-888,MOBILE PHONE,PARTIALLY AGREE,PARTIALLY AGREE,PARTIALLY AGREE,AGREE,AGREE,AGREE,PARTIALLY AGREE,AGREE,PARTIALLY AGREE,AGREE,AGREE,AGREE,MOST QUESTIONS,MOST QUESTIONS,NO QUESTIONS,VERY FEW QUESTIONS,VERY FEW QUESTIONS,VERY FEW QUESTIONS,MOST QUESTIONS,NO QUESTIONS,AGREE,AGREE,PARTIALLY AGREE,AGREE,AGREE,AGREE,DISAGREE,DISAGREE
EST0210,Colegio_6,Female,16,YES,1,SECOND,DID NOT REPEAT,INCOMPLETE PRIMARY,INCOMPLETE SECONDARY,145,SOMETIMES,SOMETIMES,MOBILE PHONE,PARTIALLY AGREE,PARTIALLY AGREE,PARTIALLY AGREE,DISAGREE,AGREE,PARTIALLY AGREE,PARTIALLY AGREE,PARTIALLY AGREE,PARTIALLY AGREE,AGREE,AGREE,PARTIALLY AGREE,MOST QUESTIONS,VERY FEW QUESTIONS,VERY FEW QUESTIONS,VERY FEW QUESTIONS,VERY FEW QUESTIONS,VERY FEW QUESTIONS,MOST QUESTIONS,VERY FEW QUESTIONS,AGREE,AGREE,AGREE,AGREE,AGREE,AGREE,PARTIALLY AGREE,DISAGREE
EST0207,Colegio_6,Male,15,YES,1,DID NOT REPEAT,DID NOT REPEAT,INCOMPLETE SECONDARY,COMPLETE SECONDARY,46,SOMETIMES,-888,MOBILE PHONE,PARTIALLY AGREE,AGREE,PARTIALLY AGREE,DISAGREE,AGREE,AGREE,AGREE,AGREE,PARTIALLY AGREE,AGREE,AGREE,AGREE,VERY FEW QUESTIONS,MOST QUESTIONS,VERY FEW QUESTIONS,VERY FEW QUESTIONS,VERY FEW QUESTIONS,MOST QUESTIONS,VERY FEW QUESTIONS,MOST QUESTIONS,AGREE,AGREE,AGREE,PARTIALLY AGREE,AGREE,AGREE,PARTIALLY AGREE,AGREE
EST0209,Colegio_6,Male,16,YES,1,DID NOT REPEAT,DID NOT REPEAT,UNIVERSITY EDUCATION,COMPLETE SECONDARY,2456,FREQUENTLY,FREQUENTLY,MOBILE PHONE,PARTIALLY AGREE,PARTIALLY AGREE,PARTIALLY AGREE,PARTIALLY AGREE,AGREE,AGREE,AGREE,DISAGREE,DISAGREE,DISAGREE,AGREE,AGREE,MOST QUESTIONS,VERY FEW QUESTIONS,MOST QUESTIONS,VERY FEW QUESTIONS,VERY FEW QUESTIONS,VERY FEW QUESTIONS,MOST QUESTIONS,MOST QUESTIONS,AGREE,AGREE,AGREE,PARTIALLY AGREE,AGREE,PARTIALLY AGREE,AGREE,PARTIALLY AGREE
EST0144,Colegio_6,Female,14,YES,1,DID NOT REPEAT,DID NOT REPEAT,COMPLETE SECONDARY,COMPLETE SECONDARY,6,-888,-888,MOBILE PHONE,PARTIALLY AGREE,AGREE,AGREE,PARTIALLY AGREE,AGREE,AGREE,AGREE,DISAGREE,AGREE,AGREE,AGREE,AGREE,MOST QUESTIONS,NO QUESTIONS,VERY FEW QUESTIONS,VERY FEW QUESTIONS,VERY FEW QUESTIONS,NO QUESTIONS,MOST QUESTIONS,MOST QUESTIONS,AGREE,AGREE,AGREE,AGREE,AGREE,PARTIALLY AGREE,DISAGREE,PARTIALLY AGREE
EST0043,Colegio_2,Male,12,YES,1,DID NOT REPEAT,DID NOT REPEAT,UNIVERSITY EDUCATION,UNIVERSITY EDUCATION,1456,SOMETIMES,SOMETIMES,MOBILE PHONE,PARTIALLY AGREE,AGREE,AGREE,PARTIALLY AGREE,AGREE,AGREE,AGREE,DISAGREE,AGREE,PARTIALLY AGREE,AGREE,AGREE,ALL QUESTIONS,ALL QUESTIONS,VERY FEW QUESTIONS,VERY FEW QUESTIONS,NO QUESTIONS,VERY FEW QUESTIONS,MOST QUESTIONS,VERY FEW QUESTIONS,AGREE,AGREE,AGREE,AGREE,AGREE,AGREE,AGREE,PARTIALLY AGREE
EST0041,Colegio_2,Male,14,YES,2,DID NOT REPEAT,DID NOT REPEAT,DON'T KNOW,DON'T KNOW,45,SOMETIMES,FREQUENTLY,MOBILE PHONE,PARTIALLY AGREE,DISAGREE,DISAGREE,PARTIALLY AGREE,AGREE,AGREE,PARTIALLY AGREE,PARTIALLY AGREE,PARTIALLY AGREE,AGREE,AGREE,PARTIALLY AGREE,MOST QUESTIONS,ALL QUESTIONS,MOST QUESTIONS,MOST QUESTIONS,MOST QUESTIONS,MOST QUESTIONS,ALL QUESTIONS,MOST QUESTIONS,AGREE,PARTIALLY AGREE,PARTIALLY AGREE,PARTIALLY AGREE,DISAGREE,AGREE,AGREE,AGREE
EST0037,Colegio_2,Male,13,YES,1,DID NOT REPEAT,FIRST,DON'T KNOW,DON'T KNOW,45,FREQUENTLY,FREQUENTLY,MOBILE PHONE,AGREE,PARTIALLY AGREE,AGREE,AGREE,AGREE,AGREE,AGREE,AGREE,DISAGREE,DISAGREE,AGREE,AGREE,VERY FEW QUESTIONS,MOST QUESTIONS,VERY FEW QUESTIONS,VERY FEW QUESTIONS,MOST QUESTIONS,VERY FEW QUESTIONS,VERY FEW QUESTIONS,MOST QUESTIONS,AGREE,AGREE,AGREE,AGREE,AGREE,AGREE,DISAGREE,PARTIALLY AGREE
EST0053,Colegio_2,Male,15,YES,1,DID NOT REPEAT,DID NOT REPEAT,INCOMPLETE SECONDARY,UNIVERSITY EDUCATION,4,FREQUENTLY,-888,MOBILE PHONE,AGREE,PARTIALLY AGREE,PARTIALLY AGREE,AGREE,AGREE,AGREE,PARTIALLY AGREE,AGREE,DISAGREE,PARTIALLY AGREE,AGREE,AGREE,MOST QUESTIONS,MOST QUESTIONS,NO QUESTIONS,ALL QUESTIONS,MOST QUESTIONS,VERY FEW QUESTIONS,MOST QUESTIONS,VERY FEW QUESTIONS,AGREE,AGREE,AGREE,AGREE,PARTIALLY AGREE,AGREE,DISAGREE,AGREE
EST0045,Colegio_2,Male,15,YES,1,FIRST,DID NOT REPEAT,DON'T KNOW,COMPLETE SECONDARY,14567,SOMETIMES,SOMETIMES,MOBILE PHONE,PARTIALLY AGREE,PARTIALLY AGREE,AGREE,AGREE,AGREE,PARTIALLY AGREE,PARTIALLY AGREE,AGREE,PARTIALLY AGREE,DISAGREE,AGREE,AGREE,MOST QUESTIONS,VERY FEW QUESTIONS,NO QUESTIONS,ALL QUESTIONS,VERY FEW QUESTIONS,MOST QUESTIONS,MOST QUESTIONS,VERY FEW QUESTIONS,AGREE,AGREE,AGREE,AGREE,AGREE,AGREE,AGREE,PARTIALLY AGREE
EST0052,Colegio_2,Male,15,YES,2,FIFTH,DID NOT REPEAT,COMPLETE SECONDARY,COMPLETE SECONDARY,145,SOMETIMES,NEVER,MOBILE PHONE,DISAGREE,AGREE,AGREE,PARTIALLY AGREE,AGREE,AGREE,AGREE,PARTIALLY AGREE,PARTIALLY AGREE,AGREE,AGREE,AGREE,ALL QUESTIONS,ALL QUESTIONS,NO QUESTIONS,ALL QUESTIONS,NO QUESTIONS,ALL QUESTIONS,ALL QUESTIONS,NO QUESTIONS,AGREE,PARTIALLY AGREE,PARTIALLY AGREE,AGREE,AGREE,AGREE,PARTIALLY AGREE,PARTIALLY AGREE
EST0051,Colegio_2,Male,15,YES,1,DID NOT REPEAT,SECOND,COMPLETE SECONDARY,COMPLETE SECONDARY,57,-888,SOMETIMES,TABLET,AGREE,AGREE,PARTIALLY AGREE,DISAGREE,AGREE,AGREE,PARTIALLY AGREE,AGREE,PARTIALLY AGREE,AGREE,AGREE,AGREE,VERY FEW QUESTIONS,NO QUESTIONS,MOST QUESTIONS,MOST QUESTIONS,MOST QUESTIONS,MOST QUESTIONS,VERY FEW QUESTIONS,VERY FEW QUESTIONS,AGREE,AGREE,AGREE,PARTIALLY AGREE,PARTIALLY AGREE,AGREE,AGREE,AGREE
EST0049,Colegio_2,Male,15,NO,1,FIFTH,DID NOT REPEAT,UNIVERSITY EDUCATION,COMPLETE SECONDARY,45,FREQUENTLY,FREQUENTLY,MOBILE PHONE,PARTIALLY AGREE,AGREE,AGREE,DISAGREE,AGREE,AGREE,AGREE,DISAGREE,DISAGREE,DISAGREE,AGREE,AGREE,MOST QUESTIONS,MOST QUESTIONS,NO QUESTIONS,VERY FEW QUESTIONS,VERY FEW QUESTIONS,VERY FEW QUESTIONS,MOST QUESTIONS,NO QUESTIONS,AGREE,AGREE,AGREE,AGREE,AGREE,AGREE,DISAGREE,PARTIALLY AGREE
EST0048,Colegio_2,Male,14,YES,1,DID NOT REPEAT,DID NOT REPEAT,COMPLETE SECONDARY,COMPLETE SECONDARY,145,FREQUENTLY,FREQUENTLY,MOBILE PHONE,PARTIALLY AGREE,AGREE,AGREE,PARTIALLY AGREE,PARTIALLY AGREE,PARTIALLY AGREE,PARTIALLY AGREE,AGREE,AGREE,PARTIALLY AGREE,AGREE,AGREE,NO QUESTIONS,ALL QUESTIONS,ALL QUESTIONS,MOST QUESTIONS,VERY FEW QUESTIONS,ALL QUESTIONS,ALL QUESTIONS,ALL QUESTIONS,AGREE,AGREE,AGREE,AGREE,PARTIALLY AGREE,PARTIALLY AGREE,AGREE,AGREE
EST0050,Colegio_2,Male,14,YES,1,DID NOT REPEAT,SECOND,COMPLETE SECONDARY,COMPLETE SECONDARY,145,FREQUENTLY,FREQUENTLY,MOBILE PHONE,PARTIALLY AGREE,AGREE,AGREE,PARTIALLY AGREE,PARTIALLY AGREE,PARTIALLY AGREE,PARTIALLY AGREE,AGREE,AGREE,PARTIALLY AGREE,AGREE,AGREE,NO QUESTIONS,ALL QUESTIONS,ALL QUESTIONS,MOST QUESTIONS,VERY FEW QUESTIONS,ALL QUESTIONS,ALL QUESTIONS,ALL QUESTIONS,AGREE,AGREE,AGREE,AGREE,PARTIALLY AGREE,PARTIALLY AGREE,AGREE,AGREE
EST0036,Colegio_2,Male,13,YES,1,SIXTH,DID NOT REPEAT,DON'T KNOW,DON'T KNOW,47,SOMETIMES,-888,MOBILE PHONE,PARTIALLY AGREE,PARTIALLY AGREE,AGREE,PARTIALLY AGREE,AGREE,AGREE,AGREE,DISAGREE,AGREE,AGREE,PARTIALLY AGREE,AGREE,NO QUESTIONS,VERY FEW QUESTIONS,MOST QUESTIONS,MOST QUESTIONS,VERY FEW QUESTIONS,MOST QUESTIONS,VERY FEW QUESTIONS,VERY FEW QUESTIONS,AGREE,DISAGREE,PARTIALLY AGREE,AGREE,PARTIALLY AGREE,AGREE,AGREE,PARTIALLY AGREE
EST0038,Colegio_2,Female,11,DON'T KNOW,1,DID NOT REPEAT,DID NOT REPEAT,COMPLETE PRIMARY,COMPLETE PRIMARY,12356,-888,FREQUENTLY,TABLET,AGREE,PARTIALLY AGREE,PARTIALLY AGREE,AGREE,PARTIALLY AGREE,PARTIALLY AGREE,PARTIALLY AGREE,AGREE,PARTIALLY AGREE,AGREE,AGREE,AGREE,VERY FEW QUESTIONS,VERY FEW QUESTIONS,MOST QUESTIONS,MOST QUESTIONS,VERY FEW QUESTIONS,VERY FEW QUESTIONS,VERY FEW QUESTIONS,VERY FEW QUESTIONS,AGREE,AGREE,AGREE,AGREE,AGREE,AGREE,PARTIALLY AGREE,AGREE
EST0046,Colegio_2,Female,14,YES,1,DID NOT REPEAT,DID NOT REPEAT,COMPLETE SECONDARY,INCOMPLETE SECONDARY,246,FREQUENTLY,-888,MOBILE PHONE,PARTIALLY AGREE,AGREE,AGREE,AGREE,PARTIALLY AGREE,AGREE,AGREE,AGREE,PARTIALLY AGREE,DISAGREE,AGREE,AGREE,VERY FEW QUESTIONS,VERY FEW QUESTIONS,MOST QUESTIONS,MOST QUESTIONS,MOST QUESTIONS,VERY FEW QUESTIONS,VERY FEW QUESTIONS,VERY FEW QUESTIONS,AGREE,AGREE,AGREE,AGREE,PARTIALLY AGREE,AGREE,AGREE,PARTIALLY AGREE
EST0042,Colegio_2,Male,13,DON'T KNOW,1,DID NOT REPEAT,DID NOT REPEAT,TECHNICAL HIGHER EDUCATION,INCOMPLETE SECONDARY,245,FREQUENTLY,FREQUENTLY,MOBILE PHONE,AGREE,PARTIALLY AGREE,PARTIALLY AGREE,AGREE,PARTIALLY AGREE,AGREE,AGREE,PARTIALLY AGREE,AGREE,AGREE,AGREE,AGREE,ALL QUESTIONS,MOST QUESTIONS,MOST QUESTIONS,MOST QUESTIONS,NO QUESTIONS,MOST QUESTIONS,MOST QUESTIONS,VERY FEW QUESTIONS,AGREE,AGREE,AGREE,AGREE,AGREE,AGREE,DISAGREE,PARTIALLY AGREE
EST0044,Colegio_2,Male,13,NO,1,DID NOT REPEAT,DID NOT REPEAT,TECHNICAL HIGHER EDUCATION,COMPLETE SECONDARY,57,-888,FREQUENTLY,MOBILE PHONE,PARTIALLY AGREE,PARTIALLY AGREE,PARTIALLY AGREE,AGREE,AGREE,PARTIALLY AGREE,AGREE,PARTIALLY AGREE,DISAGREE,PARTIALLY AGREE,AGREE,AGREE,VERY FEW QUESTIONS,MOST QUESTIONS,VERY FEW QUESTIONS,MOST QUESTIONS,NO QUESTIONS,MOST QUESTIONS,VERY FEW QUESTIONS,ALL QUESTIONS,PARTIALLY AGREE,AGREE,AGREE,PARTIALLY AGREE,PARTIALLY AGREE,AGREE,AGREE,PARTIALLY AGREE
EST0040,Colegio_2,Male,14,YES,5,SECOND,DID NOT REPEAT,INCOMPLETE SECONDARY,COMPLETE SECONDARY,146,SOMETIMES,-888,MOBILE PHONE,DISAGREE,AGREE,AGREE,PARTIALLY AGREE,AGREE,AGREE,AGREE,AGREE,AGREE,PARTIALLY AGREE,PARTIALLY AGREE,AGREE,MOST QUESTIONS,ALL QUESTIONS,NO QUESTIONS,NO QUESTIONS,VERY FEW QUESTIONS,VERY FEW QUESTIONS,MOST QUESTIONS,NO QUESTIONS,DISAGREE,DISAGREE,DISAGREE,DISAGREE,DISAGREE,DISAGREE,DISAGREE,PARTIALLY AGREE
EST0047,Colegio_2,Female,14,YES,1,DID NOT REPEAT,DID NOT REPEAT,DON'T KNOW,DON'T KNOW,5,-888,SOMETIMES,MOBILE PHONE,PARTIALLY AGREE,PARTIALLY AGREE,DISAGREE,AGREE,AGREE,DISAGREE,DISAGREE,AGREE,PARTIALLY AGREE,DISAGREE,AGREE,DISAGREE,MOST QUESTIONS,MOST QUESTIONS,MOST QUESTIONS,MOST QUESTIONS,VERY FEW QUESTIONS,ALL QUESTIONS,NO QUESTIONS,ALL QUESTIONS,AGREE,AGREE,PARTIALLY AGREE,PARTIALLY AGREE,AGREE,AGREE,DISAGREE,AGREE
EST0039,Colegio_2,Male,13,YES,1,DID NOT REPEAT,DID NOT REPEAT,INCOMPLETE SECONDARY,DON'T KNOW,14567,SOMETIMES,FREQUENTLY,MOBILE PHONE,AGREE,PARTIALLY AGREE,AGREE,AGREE,AGREE,PARTIALLY AGREE,AGREE,PARTIALLY AGREE,AGREE,PARTIALLY AGREE,AGREE,AGREE,VERY FEW QUESTIONS,MOST QUESTIONS,ALL QUESTIONS,MOST QUESTIONS,ALL QUESTIONS,VERY FEW QUESTIONS,VERY FEW QUESTIONS,MOST QUESTIONS,PARTIALLY AGREE,AGREE,PARTIALLY AGREE,DISAGREE,PARTIALLY AGREE,AGREE,PARTIALLY AGREE,DISAGREE
EST0035,Colegio_2,Male,13,YES,1,DID NOT REPEAT,FIRST,COMPLETE PRIMARY,DON'T KNOW,5,-888,FREQUENTLY,MOBILE PHONE,DISAGREE,PARTIALLY AGREE,AGREE,PARTIALLY AGREE,AGREE,AGREE,AGREE,PARTIALLY AGREE,PARTIALLY AGREE,PARTIALLY AGREE,AGREE,AGREE,ALL QUESTIONS,VERY FEW QUESTIONS,VERY FEW QUESTIONS,VERY FEW QUESTIONS,MOST QUESTIONS,VERY FEW QUESTIONS,MOST QUESTIONS,VERY FEW QUESTIONS,AGREE,AGREE,PARTIALLY AGREE,AGREE,AGREE,PARTIALLY AGREE,AGREE,AGREE
EST0004,Colegio_1,Male,15,NO,1,FOURTH,DID NOT REPEAT,DON'T KNOW,DON'T KNOW,457,FREQUENTLY,FREQUENTLY,MOBILE PHONE,AGREE,PARTIALLY AGREE,PARTIALLY AGREE,PARTIALLY AGREE,AGREE,AGREE,AGREE,PARTIALLY AGREE,DISAGREE,DISAGREE,AGREE,AGREE,MOST QUESTIONS,MOST QUESTIONS,VERY FEW QUESTIONS,VERY FEW QUESTIONS,NO QUESTIONS,NO QUESTIONS,MOST QUESTIONS,VERY FEW QUESTIONS,AGREE,AGREE,AGREE,PARTIALLY AGREE,AGREE,AGREE,PARTIALLY AGREE,PARTIALLY AGREE
EST0015,Colegio_1,Female,14,YES,1,DID NOT REPEAT,DID NOT REPEAT,DON'T KNOW,DON'T KNOW,145,FREQUENTLY,SOMETIMES,MOBILE PHONE,PARTIALLY AGREE,AGREE,AGREE,AGREE,AGREE,AGREE,AGREE,AGREE,PARTIALLY AGREE,AGREE,AGREE,AGREE,MOST QUESTIONS,ALL QUESTIONS,VERY FEW QUESTIONS,ALL QUESTIONS,VERY FEW QUESTIONS,VERY FEW QUESTIONS,MOST QUESTIONS,NO QUESTIONS,AGREE,AGREE,AGREE,AGREE,AGREE,AGREE,PARTIALLY AGREE,AGREE
EST0007,Colegio_1,Female,15,YES,1,DID NOT REPEAT,DID NOT REPEAT,DON'T KNOW,DON'T KNOW,2356,-888,FREQUENTLY,MOBILE PHONE,PARTIALLY AGREE,AGREE,PARTIALLY AGREE,PARTIALLY AGREE,AGREE,AGREE,AGREE,AGREE,PARTIALLY AGREE,AGREE,AGREE,AGREE,MOST QUESTIONS,VERY FEW QUESTIONS,NO QUESTIONS,MOST QUESTIONS,VERY FEW QUESTIONS,MOST QUESTIONS,VERY FEW QUESTIONS,MOST QUESTIONS,AGREE,PARTIALLY AGREE,AGREE,PARTIALLY AGREE,AGREE,PARTIALLY AGREE,AGREE,PARTIALLY AGREE
EST0029,Colegio_1,Female,15,YES,1,DID NOT REPEAT,DID NOT REPEAT,DON'T KNOW,DON'T KNOW,35,-888,SOMETIMES,TABLET,PARTIALLY AGREE,PARTIALLY AGREE,PARTIALLY AGREE,DISAGREE,AGREE,AGREE,AGREE,DISAGREE,PARTIALLY AGREE,PARTIALLY AGREE,AGREE,AGREE,MOST QUESTIONS,MOST QUESTIONS,VERY FEW QUESTIONS,MOST QUESTIONS,VERY FEW QUESTIONS,MOST QUESTIONS,VERY FEW QUESTIONS,VERY FEW QUESTIONS,AGREE,PARTIALLY AGREE,PARTIALLY AGREE,AGREE,AGREE,PARTIALLY AGREE,PARTIALLY AGREE,AGREE
EST0002,Colegio_1,Female,14,YES,1,DID NOT REPEAT,DID NOT REPEAT,INCOMPLETE SECONDARY,COMPLETE PRIMARY,124567,SOMETIMES,SOMETIMES,MOBILE PHONE,PARTIALLY AGREE,PARTIALLY AGREE,PARTIALLY AGREE,AGREE,AGREE,AGREE,AGREE,DISAGREE,PARTIALLY AGREE,DISAGREE,AGREE,AGREE,MOST QUESTIONS,MOST QUESTIONS,VERY FEW QUESTIONS,VERY FEW QUESTIONS,VERY FEW QUESTIONS,NO QUESTIONS,MOST QUESTIONS,MOST QUESTIONS,AGREE,AGREE,AGREE,AGREE,AGREE,AGREE,AGREE,AGREE
EST0006,Colegio_1,Male,14,YES,1,DID NOT REPEAT,DID NOT REPEAT,COMPLETE SECONDARY,COMPLETE SECONDARY,1234567,FREQUENTLY,FREQUENTLY,MOBILE PHONE,AGREE,PARTIALLY AGREE,PARTIALLY AGREE,AGREE,AGREE,AGREE,PARTIALLY AGREE,DISAGREE,DISAGREE,PARTIALLY AGREE,AGREE,AGREE,ALL QUESTIONS,MOST QUESTIONS,NO QUESTIONS,NO QUESTIONS,NO QUESTIONS,VERY FEW QUESTIONS,ALL QUESTIONS,VERY FEW QUESTIONS,AGREE,AGREE,AGREE,AGREE,AGREE,AGREE,DISAGREE,DISAGREE
EST0026,Colegio_1,Male,15,YES,13,DID NOT REPEAT,DID NOT REPEAT,COMPLETE PRIMARY,DON'T KNOW,12456,SOMETIMES,SOMETIMES,MOBILE PHONE,PARTIALLY AGREE,PARTIALLY AGREE,DISAGREE,PARTIALLY AGREE,DISAGREE,PARTIALLY AGREE,DISAGREE,DISAGREE,AGREE,AGREE,AGREE,AGREE,MOST QUESTIONS,VERY FEW QUESTIONS,MOST QUESTIONS,MOST QUESTIONS,VERY FEW QUESTIONS,MOST QUESTIONS,MOST QUESTIONS,MOST QUESTIONS,PARTIALLY AGREE,PARTIALLY AGREE,PARTIALLY AGREE,PARTIALLY AGREE,PARTIALLY AGREE,PARTIALLY AGREE,PARTIALLY AGREE,PARTIALLY AGREE
EST0001,Colegio_1,Female,15,YES,1,DID NOT REPEAT,DID NOT REPEAT,INCOMPLETE SECONDARY,INCOMPLETE SECONDARY,4,FREQUENTLY,-888,MOBILE PHONE,AGREE,PARTIALLY AGREE,PARTIALLY AGREE,PARTIALLY AGREE,AGREE,PARTIALLY AGREE,PARTIALLY AGREE,PARTIALLY AGREE,PARTIALLY AGREE,DISAGREE,AGREE,AGREE,MOST QUESTIONS,ALL QUESTIONS,MOST QUESTIONS,VERY FEW QUESTIONS,ALL QUESTIONS,MOST QUESTIONS,MOST QUESTIONS,MOST QUESTIONS,PARTIALLY AGREE,AGREE,PARTIALLY AGREE,PARTIALLY AGREE,PARTIALLY AGREE,AGREE,AGREE,PARTIALLY AGREE
EST0013,Colegio_1,Female,14,YES,1,SECOND,DID NOT REPEAT,COMPLETE SECONDARY,COMPLETE SECONDARY,124567,FREQUENTLY,FREQUENTLY,COMPUTER/LAPTOP,AGREE,PARTIALLY AGREE,PARTIALLY AGREE,PARTIALLY AGREE,AGREE,PARTIALLY AGREE,DISAGREE,AGREE,AGREE,AGREE,PARTIALLY AGREE,PARTIALLY AGREE,VERY FEW QUESTIONS,VERY FEW QUESTIONS,NO QUESTIONS,NO QUESTIONS,VERY FEW QUESTIONS,VERY FEW QUESTIONS,MOST QUESTIONS,VERY FEW QUESTIONS,DISAGREE,PARTIALLY AGREE,PARTIALLY AGREE,PARTIALLY AGREE,AGREE,PARTIALLY AGREE,DISAGREE,AGREE
EST0018,Colegio_1,Male,15,YES,1,DID NOT REPEAT,SECOND,INCOMPLETE SECONDARY,COMPLETE SECONDARY,1456,FREQUENTLY,SOMETIMES,MOBILE PHONE,PARTIALLY AGREE,AGREE,AGREE,AGREE,AGREE,AGREE,AGREE,PARTIALLY AGREE,PARTIALLY AGREE,PARTIALLY AGREE,AGREE,AGREE,MOST QUESTIONS,VERY FEW QUESTIONS,VERY FEW QUESTIONS,VERY FEW QUESTIONS,VERY FEW QUESTIONS,VERY FEW QUESTIONS,VERY FEW QUESTIONS,VERY FEW QUESTIONS,PARTIALLY AGREE,PARTIALLY AGREE,DISAGREE,PARTIALLY AGREE,PARTIALLY AGREE,PARTIALLY AGREE,DISAGREE,PARTIALLY AGREE
EST0024,Colegio_1,Male,15,YES,1,DID NOT REPEAT,DID NOT REPEAT,INCOMPLETE SECONDARY,INCOMPLETE SECONDARY,145,FREQUENTLY,FREQUENTLY,MOBILE PHONE,PARTIALLY AGREE,PARTIALLY AGREE,AGREE,DISAGREE,PARTIALLY AGREE,AGREE,DISAGREE,PARTIALLY AGREE,AGREE,PARTIALLY AGREE,AGREE,PARTIALLY AGREE,NO QUESTIONS,MOST QUESTIONS,VERY FEW QUESTIONS,MOST QUESTIONS,NO QUESTIONS,ALL QUESTIONS,VERY FEW QUESTIONS,MOST QUESTIONS,AGREE,PARTIALLY AGREE,DISAGREE,AGREE,PARTIALLY AGREE,AGREE,PARTIALLY AGREE,DISAGREE
EST0027,Colegio_1,Female,14,YES,1,DID NOT REPEAT,DID NOT REPEAT,TECHNICAL HIGHER EDUCATION,COMPLETE SECONDARY,12456,FREQUENTLY,FREQUENTLY,COMPUTER/LAPTOP,AGREE,PARTIALLY AGREE,PARTIALLY AGREE,PARTIALLY AGREE,AGREE,PARTIALLY AGREE,AGREE,DISAGREE,AGREE,DISAGREE,AGREE,AGREE,MOST QUESTIONS,MOST QUESTIONS,VERY FEW QUESTIONS,VERY FEW QUESTIONS,VERY FEW QUESTIONS,MOST QUESTIONS,MOST QUESTIONS,VERY FEW QUESTIONS,PARTIALLY AGREE,PARTIALLY AGREE,PARTIALLY AGREE,PARTIALLY AGREE,PARTIALLY AGREE,PARTIALLY AGREE,PARTIALLY AGREE,PARTIALLY AGREE
EST0020,Colegio_1,Male,14,YES,1,DID NOT REPEAT,SECOND,UNIVERSITY EDUCATION,DON'T KNOW,45,SOMETIMES,SOMETIMES,MOBILE PHONE,PARTIALLY AGREE,DISAGREE,PARTIALLY AGREE,DISAGREE,DISAGREE,DISAGREE,DISAGREE,DISAGREE,DISAGREE,DISAGREE,AGREE,AGREE,VERY FEW QUESTIONS,MOST QUESTIONS,NO QUESTIONS,ALL QUESTIONS,NO QUESTIONS,NO QUESTIONS,VERY FEW QUESTIONS,VERY FEW QUESTIONS,AGREE,AGREE,AGREE,PARTIALLY AGREE,AGREE,PARTIALLY AGREE,PARTIALLY AGREE,AGREE
EST0022,Colegio_1,Male,16,YES,1,FIFTH,DID NOT REPEAT,UNIVERSITY EDUCATION,DON'T KNOW,457,SOMETIMES,SOMETIMES,MOBILE PHONE,PARTIALLY AGREE,AGREE,AGREE,DISAGREE,AGREE,AGREE,AGREE,PARTIALLY AGREE,DISAGREE,DISAGREE,AGREE,AGREE,ALL QUESTIONS,MOST QUESTIONS,NO QUESTIONS,VERY FEW QUESTIONS,VERY FEW QUESTIONS,NO QUESTIONS,ALL QUESTIONS,MOST QUESTIONS,AGREE,AGREE,PARTIALLY AGREE,DISAGREE,PARTIALLY AGREE,AGREE,AGREE,AGREE
EST0016,Colegio_1,Male,14,YES,1,DID NOT REPEAT,DID NOT REPEAT,COMPLETE SECONDARY,COMPLETE SECONDARY,467,FREQUENTLY,-888,MOBILE PHONE,PARTIALLY AGREE,AGREE,PARTIALLY AGREE,PARTIALLY AGREE,AGREE,AGREE,PARTIALLY AGREE,DISAGREE,DISAGREE,DISAGREE,AGREE,AGREE,ALL QUESTIONS,ALL QUESTIONS,NO QUESTIONS,VERY FEW QUESTIONS,VERY FEW QUESTIONS,NO QUESTIONS,ALL QUESTIONS,VERY FEW QUESTIONS,AGREE,AGREE,AGREE,PARTIALLY AGREE,PARTIALLY AGREE,AGREE,DISAGREE,AGREE
EST0030,Colegio_1,Male,14,YES,1,DID NOT REPEAT,DID NOT REPEAT,TECHNICAL HIGHER EDUCATION,TECHNICAL HIGHER EDUCATION,4,SOMETIMES,-888,MOBILE PHONE,PARTIALLY AGREE,PARTIALLY AGREE,PARTIALLY AGREE,PARTIALLY AGREE,PARTIALLY AGREE,PARTIALLY AGREE,PARTIALLY AGREE,PARTIALLY AGREE,PARTIALLY AGREE,PARTIALLY AGREE,PARTIALLY AGREE,PARTIALLY AGREE,MOST QUESTIONS,MOST QUESTIONS,MOST QUESTIONS,MOST QUESTIONS,MOST QUESTIONS,MOST QUESTIONS,MOST QUESTIONS,MOST QUESTIONS,PARTIALLY AGREE,PARTIALLY AGREE,PARTIALLY AGREE,PARTIALLY AGREE,PARTIALLY AGREE,PARTIALLY AGREE,PARTIALLY AGREE,PARTIALLY AGREE
EST0014,Colegio_1,Male,15,YES,1,SECOND,DID NOT REPEAT,INCOMPLETE SECONDARY,INCOMPLETE SECONDARY,145,FREQUENTLY,FREQUENTLY,MOBILE PHONE,PARTIALLY AGREE,DISAGREE,PARTIALLY AGREE,DISAGREE,AGREE,DISAGREE,PARTIALLY AGREE,AGREE,AGREE,PARTIALLY AGREE,DISAGREE,PARTIALLY AGREE,ALL QUESTIONS,MOST QUESTIONS,MOST QUESTIONS,ALL QUESTIONS,ALL QUESTIONS,NO QUESTIONS,NO QUESTIONS,NO QUESTIONS,DISAGREE,DISAGREE,PARTIALLY AGREE,PARTIALLY AGREE,DISAGREE,DISAGREE,PARTIALLY AGREE,PARTIALLY AGREE
EST0031,Colegio_1,Male,14,YES,1,DID NOT REPEAT,SECOND,COMPLETE SECONDARY,UNIVERSITY EDUCATION,45,FREQUENTLY,FREQUENTLY,MOBILE PHONE,PARTIALLY AGREE,DISAGREE,DISAGREE,PARTIALLY AGREE,AGREE,PARTIALLY AGREE,PARTIALLY AGREE,AGREE,AGREE,AGREE,AGREE,AGREE,NO QUESTIONS,NO QUESTIONS,NO QUESTIONS,NO QUESTIONS,NO QUESTIONS,NO QUESTIONS,NO QUESTIONS,NO QUESTIONS,AGREE,AGREE,AGREE,AGREE,AGREE,AGREE,AGREE,AGREE
EST0034,Colegio_1,Male,14,NO,1,DID NOT REPEAT,DID NOT REPEAT,COMPLETE SECONDARY,UNIVERSITY EDUCATION,5,-888,FREQUENTLY,MOBILE PHONE,PARTIALLY AGREE,DISAGREE,DISAGREE,PARTIALLY AGREE,AGREE,PARTIALLY AGREE,AGREE,PARTIALLY AGREE,PARTIALLY AGREE,AGREE,PARTIALLY AGREE,PARTIALLY AGREE,MOST QUESTIONS,VERY FEW QUESTIONS,MOST QUESTIONS,MOST QUESTIONS,VERY FEW QUESTIONS,MOST QUESTIONS,VERY FEW QUESTIONS,MOST QUESTIONS,DISAGREE,DISAGREE,DISAGREE,PARTIALLY AGREE,PARTIALLY AGREE,PARTIALLY AGREE,AGREE,AGREE
EST0005,Colegio_1,Male,14,NO,1,SIXTH,DID NOT REPEAT,DON'T KNOW,DON'T KNOW,1256,-888,FREQUENTLY,COMPUTER/LAPTOP,PARTIALLY AGREE,DISAGREE,AGREE,PARTIALLY AGREE,AGREE,PARTIALLY AGREE,PARTIALLY AGREE,AGREE,AGREE,PARTIALLY AGREE,AGREE,AGREE,MOST QUESTIONS,NO QUESTIONS,VERY FEW QUESTIONS,VERY FEW QUESTIONS,VERY FEW QUESTIONS,MOST QUESTIONS,MOST QUESTIONS,VERY FEW QUESTIONS,AGREE,AGREE,AGREE,AGREE,AGREE,PARTIALLY AGREE,DISAGREE,AGREE
EST0017,Colegio_1,Male,14,YES,1,DID NOT REPEAT,DID NOT REPEAT,TECHNICAL HIGHER EDUCATION,DON'T KNOW,12345,FREQUENTLY,FREQUENTLY,MOBILE PHONE,DISAGREE,DISAGREE,DISAGREE,DISAGREE,DISAGREE,DISAGREE,DISAGREE,DISAGREE,PARTIALLY AGREE,PARTIALLY AGREE,PARTIALLY AGREE,PARTIALLY AGREE,MOST QUESTIONS,MOST QUESTIONS,MOST QUESTIONS,MOST QUESTIONS,MOST QUESTIONS,MOST QUESTIONS,MOST QUESTIONS,MOST QUESTIONS,PARTIALLY AGREE,PARTIALLY AGREE,PARTIALLY AGREE,PARTIALLY AGREE,PARTIALLY AGREE,PARTIALLY AGREE,PARTIALLY AGREE,PARTIALLY AGREE
EST0028,Colegio_1,Male,14,YES,1,DID NOT REPEAT,DID NOT REPEAT,COMPLETE SECONDARY,COMPLETE SECONDARY,124567,FREQUENTLY,SOMETIMES,MOBILE PHONE,AGREE,PARTIALLY AGREE,PARTIALLY AGREE,PARTIALLY AGREE,AGREE,AGREE,PARTIALLY AGREE,PARTIALLY AGREE,PARTIALLY AGREE,PARTIALLY AGREE,PARTIALLY AGREE,PARTIALLY AGREE,VERY FEW QUESTIONS,MOST QUESTIONS,MOST QUESTIONS,MOST QUESTIONS,MOST QUESTIONS,MOST QUESTIONS,VERY FEW QUESTIONS,MOST QUESTIONS,AGREE,PARTIALLY AGREE,AGREE,AGREE,AGREE,PARTIALLY AGREE,PARTIALLY AGREE,AGREE
EST0003,Colegio_1,Male,14,YES,1,DID NOT REPEAT,DID NOT REPEAT,DON'T KNOW,COMPLETE SECONDARY,145,FREQUENTLY,FREQUENTLY,MOBILE PHONE,PARTIALLY AGREE,PARTIALLY AGREE,PARTIALLY AGREE,AGREE,AGREE,PARTIALLY AGREE,AGREE,AGREE,AGREE,PARTIALLY AGREE,PARTIALLY AGREE,PARTIALLY AGREE,MOST QUESTIONS,MOST QUESTIONS,NO QUESTIONS,NO QUESTIONS,NO QUESTIONS,NO QUESTIONS,MOST QUESTIONS,MOST QUESTIONS,AGREE,AGREE,AGREE,AGREE,AGREE,AGREE,AGREE,AGREE
EST0025,Colegio_1,Female,13,YES,1,DID NOT REPEAT,DID NOT REPEAT,TECHNICAL HIGHER EDUCATION,TECHNICAL HIGHER EDUCATION,1456,FREQUENTLY,FREQUENTLY,MOBILE PHONE,AGREE,PARTIALLY AGREE,PARTIALLY AGREE,DISAGREE,PARTIALLY AGREE,DISAGREE,DISAGREE,PARTIALLY AGREE,AGREE,PARTIALLY AGREE,PARTIALLY AGREE,AGREE,MOST QUESTIONS,MOST QUESTIONS,MOST QUESTIONS,VERY FEW QUESTIONS,VERY FEW QUESTIONS,VERY FEW QUESTIONS,VERY FEW QUESTIONS,VERY FEW QUESTIONS,PARTIALLY AGREE,PARTIALLY AGREE,PARTIALLY AGREE,PARTIALLY AGREE,PARTIALLY AGREE,PARTIALLY AGREE,PARTIALLY AGREE,PARTIALLY AGREE
EST0009,Colegio_1,Female,14,YES,1,DID NOT REPEAT,DID NOT REPEAT,COMPLETE SECONDARY,COMPLETE SECONDARY,45,FREQUENTLY,FREQUENTLY,MOBILE PHONE,AGREE,PARTIALLY AGREE,PARTIALLY AGREE,PARTIALLY AGREE,AGREE,AGREE,DISAGREE,AGREE,PARTIALLY AGREE,AGREE,AGREE,AGREE,VERY FEW QUESTIONS,MOST QUESTIONS,VERY FEW QUESTIONS,VERY FEW QUESTIONS,VERY FEW QUESTIONS,VERY FEW QUESTIONS,VERY FEW QUESTIONS,VERY FEW QUESTIONS,AGREE,AGREE,AGREE,AGREE,AGREE,AGREE,AGREE,AGREE
EST0012,Colegio_1,Female,14,YES,1,DID NOT REPEAT,DID NOT REPEAT,DON'T KNOW,DON'T KNOW,4,FREQUENTLY,-888,MOBILE PHONE,PARTIALLY AGREE,AGREE,AGREE,AGREE,AGREE,AGREE,AGREE,PARTIALLY AGREE,DISAGREE,DISAGREE,AGREE,AGREE,MOST QUESTIONS,MOST QUESTIONS,VERY FEW QUESTIONS,MOST QUESTIONS,MOST QUESTIONS,VERY FEW QUESTIONS,MOST QUESTIONS,VERY FEW QUESTIONS,PARTIALLY AGREE,PARTIALLY AGREE,AGREE,AGREE,AGREE,AGREE,DISAGREE,AGREE
EST0032,Colegio_1,Female,14,NO,1,DID NOT REPEAT,DID NOT REPEAT,DON'T KNOW,DON'T KNOW,145,FREQUENTLY,FREQUENTLY,MOBILE PHONE,PARTIALLY AGREE,AGREE,DISAGREE,PARTIALLY AGREE,AGREE,DISAGREE,DISAGREE,PARTIALLY AGREE,DISAGREE,AGREE,PARTIALLY AGREE,PARTIALLY AGREE,VERY FEW QUESTIONS,MOST QUESTIONS,VERY FEW QUESTIONS,MOST QUESTIONS,MOST QUESTIONS,ALL QUESTIONS,VERY FEW QUESTIONS,VERY FEW QUESTIONS,AGREE,AGREE,AGREE,PARTIALLY AGREE,AGREE,AGREE,AGREE,AGREE
EST0008,Colegio_1,Female,15,DON'T KNOW,1,DID NOT REPEAT,FIRST,COMPLETE SECONDARY,COMPLETE SECONDARY,45,FREQUENTLY,SOMETIMES,MOBILE PHONE,AGREE,DISAGREE,PARTIALLY AGREE,AGREE,AGREE,AGREE,PARTIALLY AGREE,AGREE,AGREE,AGREE,AGREE,AGREE,MOST QUESTIONS,VERY FEW QUESTIONS,VERY FEW QUESTIONS,VERY FEW QUESTIONS,NO QUESTIONS,VERY FEW QUESTIONS,NO QUESTIONS,VERY FEW QUESTIONS,AGREE,AGREE,PARTIALLY AGREE,PARTIALLY AGREE,AGREE,AGREE,PARTIALLY AGREE,PARTIALLY AGREE
EST0010,Colegio_1,Male,15,YES,1,SECOND,DID NOT REPEAT,COMPLETE PRIMARY,COMPLETE PRIMARY,456,SOMETIMES,SOMETIMES,MOBILE PHONE,PARTIALLY AGREE,PARTIALLY AGREE,PARTIALLY AGREE,AGREE,AGREE,AGREE,PARTIALLY AGREE,PARTIALLY AGREE,PARTIALLY AGREE,PARTIALLY AGREE,AGREE,PARTIALLY AGREE,MOST QUESTIONS,MOST QUESTIONS,MOST QUESTIONS,MOST QUESTIONS,MOST QUESTIONS,VERY FEW QUESTIONS,VERY FEW QUESTIONS,VERY FEW QUESTIONS,PARTIALLY AGREE,PARTIALLY AGREE,PARTIALLY AGREE,DISAGREE,PARTIALLY AGREE,PARTIALLY AGREE,PARTIALLY AGREE,PARTIALLY AGREE
EST0023,Colegio_1,Male,14,YES,1,SIXTH,DID NOT REPEAT,COMPLETE SECONDARY,DON'T KNOW,14,FREQUENTLY,-888,MOBILE PHONE,PARTIALLY AGREE,AGREE,AGREE,PARTIALLY AGREE,AGREE,AGREE,PARTIALLY AGREE,PARTIALLY AGREE,AGREE,AGREE,AGREE,AGREE,ALL QUESTIONS,VERY FEW QUESTIONS,NO QUESTIONS,NO QUESTIONS,NO QUESTIONS,NO QUESTIONS,ALL QUESTIONS,ALL QUESTIONS,PARTIALLY AGREE,PARTIALLY AGREE,AGREE,PARTIALLY AGREE,AGREE,AGREE,DISAGREE,AGREE
EST0033,Colegio_1,Female,14,NO,1,DID NOT REPEAT,DID NOT REPEAT,COMPLETE SECONDARY,DON'T KNOW,45,SOMETIMES,SOMETIMES,MOBILE PHONE,AGREE,PARTIALLY AGREE,AGREE,PARTIALLY AGREE,AGREE,AGREE,AGREE,PARTIALLY AGREE,PARTIALLY AGREE,PARTIALLY AGREE,PARTIALLY AGREE,PARTIALLY AGREE,MOST QUESTIONS,MOST QUESTIONS,MOST QUESTIONS,MOST QUESTIONS,MOST QUESTIONS,MOST QUESTIONS,MOST QUESTIONS,MOST QUESTIONS,AGREE,AGREE,AGREE,AGREE,AGREE,AGREE,AGREE,AGREE
EST0099,Colegio_4,Male,14,YES,1,DID NOT REPEAT,DID NOT REPEAT,UNIVERSITY EDUCATION,COMPLETE SECONDARY,457,FREQUENTLY,FREQUENTLY,MOBILE PHONE,DISAGREE,AGREE,AGREE,DISAGREE,PARTIALLY AGREE,AGREE,AGREE,AGREE,DISAGREE,DISAGREE,AGREE,AGREE,MOST QUESTIONS,ALL QUESTIONS,VERY FEW QUESTIONS,VERY FEW QUESTIONS,VERY FEW QUESTIONS,ALL QUESTIONS,MOST QUESTIONS,MOST QUESTIONS,PARTIALLY AGREE,PARTIALLY AGREE,AGREE,AGREE,AGREE,AGREE,DISAGREE,PARTIALLY AGREE
EST0101,Colegio_4,Male,14,YES,1,DID NOT REPEAT,DID NOT REPEAT,INCOMPLETE SECONDARY,NO FORMAL EDUCATION,14567,FREQUENTLY,SOMETIMES,MOBILE PHONE,PARTIALLY AGREE,PARTIALLY AGREE,AGREE,PARTIALLY AGREE,PARTIALLY AGREE,AGREE,AGREE,DISAGREE,DISAGREE,DISAGREE,AGREE,AGREE,MOST QUESTIONS,MOST QUESTIONS,VERY FEW QUESTIONS,VERY FEW QUESTIONS,VERY FEW QUESTIONS,VERY FEW QUESTIONS,MOST QUESTIONS,VERY FEW QUESTIONS,AGREE,AGREE,AGREE,AGREE,AGREE,AGREE,DISAGREE,DISAGREE
EST0090,Colegio_4,Female,14,YES,1,DID NOT REPEAT,DID NOT REPEAT,COMPLETE SECONDARY,COMPLETE SECONDARY,257,-888,SOMETIMES,COMPUTER/LAPTOP,PARTIALLY AGREE,PARTIALLY AGREE,PARTIALLY AGREE,DISAGREE,AGREE,AGREE,AGREE,PARTIALLY AGREE,DISAGREE,PARTIALLY AGREE,AGREE,AGREE,MOST QUESTIONS,MOST QUESTIONS,VERY FEW QUESTIONS,MOST QUESTIONS,VERY FEW QUESTIONS,ALL QUESTIONS,MOST QUESTIONS,VERY FEW QUESTIONS,AGREE,AGREE,AGREE,AGREE,AGREE,AGREE,AGREE,AGREE
EST0094,Colegio_4,Male,14,YES,1,DID NOT REPEAT,DID NOT REPEAT,DON'T KNOW,DON'T KNOW,45,FREQUENTLY,FREQUENTLY,MOBILE PHONE,PARTIALLY AGREE,PARTIALLY AGREE,PARTIALLY AGREE,PARTIALLY AGREE,AGREE,PARTIALLY AGREE,AGREE,AGREE,DISAGREE,DISAGREE,AGREE,AGREE,MOST QUESTIONS,VERY FEW QUESTIONS,NO QUESTIONS,MOST QUESTIONS,NO QUESTIONS,VERY FEW QUESTIONS,VERY FEW QUESTIONS,MOST QUESTIONS,AGREE,AGREE,AGREE,AGREE,AGREE,AGREE,AGREE,AGREE
EST0087,Colegio_4,Female,14,NO,1,DID NOT REPEAT,DID NOT REPEAT,UNIVERSITY EDUCATION,INCOMPLETE SECONDARY,4,FREQUENTLY,-888,MOBILE PHONE,PARTIALLY AGREE,PARTIALLY AGREE,PARTIALLY AGREE,AGREE,PARTIALLY AGREE,AGREE,AGREE,AGREE,PARTIALLY AGREE,AGREE,PARTIALLY AGREE,AGREE,VERY FEW QUESTIONS,MOST QUESTIONS,VERY FEW QUESTIONS,MOST QUESTIONS,MOST QUESTIONS,VERY FEW QUESTIONS,VERY FEW QUESTIONS,MOST QUESTIONS,AGREE,AGREE,AGREE,AGREE,AGREE,AGREE,PARTIALLY AGREE,AGREE
EST0100,Colegio_4,Male,14,YES,1,DID NOT REPEAT,DID NOT REPEAT,COMPLETE SECONDARY,COMPLETE SECONDARY,14,FREQUENTLY,-888,MOBILE PHONE,PARTIALLY AGREE,PARTIALLY AGREE,PARTIALLY AGREE,PARTIALLY AGREE,AGREE,AGREE,AGREE,DISAGREE,PARTIALLY AGREE,DISAGREE,AGREE,AGREE,MOST QUESTIONS,ALL QUESTIONS,VERY FEW QUESTIONS,VERY FEW QUESTIONS,VERY FEW QUESTIONS,VERY FEW QUESTIONS,MOST QUESTIONS,VERY FEW QUESTIONS,AGREE,AGREE,AGREE,AGREE,AGREE,AGREE,DISAGREE,PARTIALLY AGREE
EST0092,Colegio_4,Male,14,YES,1,DID NOT REPEAT,DID NOT REPEAT,COMPLETE PRIMARY,COMPLETE SECONDARY,4,SOMETIMES,-888,MOBILE PHONE,PARTIALLY AGREE,PARTIALLY AGREE,AGREE,AGREE,AGREE,AGREE,AGREE,DISAGREE,AGREE,PARTIALLY AGREE,PARTIALLY AGREE,AGREE,NO QUESTIONS,VERY FEW QUESTIONS,MOST QUESTIONS,VERY FEW QUESTIONS,VERY FEW QUESTIONS,VERY FEW QUESTIONS,VERY FEW QUESTIONS,VERY FEW QUESTIONS,AGREE,PARTIALLY AGREE,PARTIALLY AGREE,PARTIALLY AGREE,AGREE,AGREE,AGREE,AGREE
EST0085,Colegio_4,Female,14,YES,1,DID NOT REPEAT,DID NOT REPEAT,INCOMPLETE SECONDARY,COMPLETE SECONDARY,1245,SOMETIMES,SOMETIMES,MOBILE PHONE,PARTIALLY AGREE,AGREE,AGREE,PARTIALLY AGREE,AGREE,AGREE,AGREE,DISAGREE,DISAGREE,DISAGREE,AGREE,AGREE,MOST QUESTIONS,MOST QUESTIONS,VERY FEW QUESTIONS,VERY FEW QUESTIONS,VERY FEW QUESTIONS,VERY FEW QUESTIONS,MOST QUESTIONS,VERY FEW QUESTIONS,AGREE,AGREE,AGREE,AGREE,AGREE,AGREE,PARTIALLY AGREE,PARTIALLY AGREE
EST0104,Colegio_4,Male,14,YES,1,DID NOT REPEAT,DID NOT REPEAT,DON'T KNOW,DON'T KNOW,2456,SOMETIMES,FREQUENTLY,MOBILE PHONE,AGREE,PARTIALLY AGREE,AGREE,AGREE,PARTIALLY AGREE,PARTIALLY AGREE,PARTIALLY AGREE,AGREE,PARTIALLY AGREE,PARTIALLY AGREE,AGREE,AGREE,MOST QUESTIONS,ALL QUESTIONS,VERY FEW QUESTIONS,MOST QUESTIONS,VERY FEW QUESTIONS,MOST QUESTIONS,MOST QUESTIONS,VERY FEW QUESTIONS,AGREE,AGREE,AGREE,AGREE,AGREE,AGREE,PARTIALLY AGREE,PARTIALLY AGREE
EST0098,Colegio_4,Male,14,YES,1,DID NOT REPEAT,DID NOT REPEAT,INCOMPLETE SECONDARY,INCOMPLETE PRIMARY,35,-888,SOMETIMES,MOBILE PHONE,PARTIALLY AGREE,PARTIALLY AGREE,PARTIALLY AGREE,PARTIALLY AGREE,AGREE,AGREE,AGREE,AGREE,AGREE,AGREE,AGREE,AGREE,MOST QUESTIONS,MOST QUESTIONS,MOST QUESTIONS,MOST QUESTIONS,VERY FEW QUESTIONS,MOST QUESTIONS,ALL QUESTIONS,ALL QUESTIONS,AGREE,AGREE,PARTIALLY AGREE,AGREE,PARTIALLY AGREE,PARTIALLY AGREE,PARTIALLY AGREE,PARTIALLY AGREE
EST0089,Colegio_4,Female,14,YES,1,DID NOT REPEAT,DID NOT REPEAT,INCOMPLETE PRIMARY,COMPLETE SECONDARY,4567,FREQUENTLY,FREQUENTLY,MOBILE PHONE,PARTIALLY AGREE,PARTIALLY AGREE,AGREE,PARTIALLY AGREE,AGREE,AGREE,AGREE,AGREE,PARTIALLY AGREE,PARTIALLY AGREE,AGREE,PARTIALLY AGREE,ALL QUESTIONS,ALL QUESTIONS,NO QUESTIONS,VERY FEW QUESTIONS,VERY FEW QUESTIONS,NO QUESTIONS,ALL QUESTIONS,MOST QUESTIONS,AGREE,AGREE,AGREE,AGREE,AGREE,AGREE,AGREE,PARTIALLY AGREE
EST0088,Colegio_4,Male,14,YES,1,DID NOT REPEAT,FIRST,DON'T KNOW,DON'T KNOW,124567,SOMETIMES,FREQUENTLY,COMPUTER/LAPTOP,AGREE,PARTIALLY AGREE,AGREE,PARTIALLY AGREE,AGREE,AGREE,AGREE,AGREE,PARTIALLY AGREE,DISAGREE,PARTIALLY AGREE,PARTIALLY AGREE,MOST QUESTIONS,MOST QUESTIONS,VERY FEW QUESTIONS,VERY FEW QUESTIONS,VERY FEW QUESTIONS,VERY FEW QUESTIONS,MOST QUESTIONS,VERY FEW QUESTIONS,AGREE,AGREE,AGREE,AGREE,PARTIALLY AGREE,AGREE,DISAGREE,PARTIALLY AGREE
EST0097,Colegio_4,Female,14,YES,1,DID NOT REPEAT,DID NOT REPEAT,COMPLETE SECONDARY,COMPLETE SECONDARY,4,FREQUENTLY,-888,MOBILE PHONE,AGREE,AGREE,PARTIALLY AGREE,PARTIALLY AGREE,AGREE,AGREE,AGREE,PARTIALLY AGREE,DISAGREE,AGREE,AGREE,AGREE,VERY FEW QUESTIONS,MOST QUESTIONS,VERY FEW QUESTIONS,ALL QUESTIONS,VERY FEW QUESTIONS,VERY FEW QUESTIONS,VERY FEW QUESTIONS,NO QUESTIONS,AGREE,AGREE,PARTIALLY AGREE,AGREE,AGREE,AGREE,PARTIALLY AGREE,AGREE
EST0093,Colegio_4,Female,14,YES,1,DID NOT REPEAT,DID NOT REPEAT,COMPLETE SECONDARY,INCOMPLETE SECONDARY,457,SOMETIMES,SOMETIMES,MOBILE PHONE,AGREE,PARTIALLY AGREE,PARTIALLY AGREE,AGREE,PARTIALLY AGREE,AGREE,AGREE,PARTIALLY AGREE,PARTIALLY AGREE,PARTIALLY AGREE,PARTIALLY AGREE,AGREE,VERY FEW QUESTIONS,VERY FEW QUESTIONS,MOST QUESTIONS,MOST QUESTIONS,MOST QUESTIONS,VERY FEW QUESTIONS,VERY FEW QUESTIONS,VERY FEW QUESTIONS,PARTIALLY AGREE,PARTIALLY AGREE,AGREE,AGREE,AGREE,AGREE,AGREE,AGREE
EST0103,Colegio_4,Male,14,YES,6,DID NOT REPEAT,DID NOT REPEAT,UNIVERSITY EDUCATION,UNIVERSITY EDUCATION,2456,FREQUENTLY,FREQUENTLY,COMPUTER/LAPTOP,AGREE,AGREE,PARTIALLY AGREE,PARTIALLY AGREE,AGREE,PARTIALLY AGREE,PARTIALLY AGREE,AGREE,PARTIALLY AGREE,AGREE,AGREE,AGREE,MOST QUESTIONS,MOST QUESTIONS,MOST QUESTIONS,MOST QUESTIONS,MOST QUESTIONS,MOST QUESTIONS,MOST QUESTIONS,MOST QUESTIONS,AGREE,AGREE,AGREE,AGREE,AGREE,AGREE,AGREE,AGREE
EST0086,Colegio_4,Male,14,NO,1,DID NOT REPEAT,FIRST,DON'T KNOW,DON'T KNOW,457,FREQUENTLY,FREQUENTLY,MOBILE PHONE,AGREE,PARTIALLY AGREE,AGREE,PARTIALLY AGREE,AGREE,AGREE,AGREE,AGREE,AGREE,AGREE,AGREE,AGREE,MOST QUESTIONS,MOST QUESTIONS,MOST QUESTIONS,ALL QUESTIONS,MOST QUESTIONS,ALL QUESTIONS,MOST QUESTIONS,ALL QUESTIONS,AGREE,AGREE,AGREE,AGREE,AGREE,AGREE,AGREE,AGREE
EST0106,Colegio_4,Male,14,YES,1,DID NOT REPEAT,DID NOT REPEAT,COMPLETE PRIMARY,COMPLETE SECONDARY,13457,FREQUENTLY,FREQUENTLY,MOBILE PHONE,DISAGREE,AGREE,AGREE,DISAGREE,AGREE,AGREE,AGREE,DISAGREE,DISAGREE,DISAGREE,AGREE,AGREE,MOST QUESTIONS,MOST QUESTIONS,VERY FEW QUESTIONS,VERY FEW QUESTIONS,NO QUESTIONS,VERY FEW QUESTIONS,MOST QUESTIONS,MOST QUESTIONS,AGREE,AGREE,AGREE,AGREE,AGREE,AGREE,PARTIALLY AGREE,DISAGREE
EST0102,Colegio_4,Male,14,YES,1,SECOND,DID NOT REPEAT,COMPLETE SECONDARY,DON'T KNOW,1245,FREQUENTLY,FREQUENTLY,COMPUTER/LAPTOP,PARTIALLY AGREE,PARTIALLY AGREE,AGREE,PARTIALLY AGREE,AGREE,AGREE,AGREE,AGREE,PARTIALLY AGREE,AGREE,AGREE,AGREE,VERY FEW QUESTIONS,VERY FEW QUESTIONS,MOST QUESTIONS,MOST QUESTIONS,MOST QUESTIONS,VERY FEW QUESTIONS,MOST QUESTIONS,MOST QUESTIONS,AGREE,AGREE,PARTIALLY AGREE,PARTIALLY AGREE,PARTIALLY AGREE,AGREE,AGREE,PARTIALLY AGREE
EST0095,Colegio_4,Male,15,YES,1,DID NOT REPEAT,SECOND,COMPLETE SECONDARY,COMPLETE SECONDARY,145,SOMETIMES,SOMETIMES,MOBILE PHONE,PARTIALLY AGREE,AGREE,AGREE,DISAGREE,AGREE,AGREE,AGREE,AGREE,PARTIALLY AGREE,PARTIALLY AGREE,AGREE,AGREE,ALL QUESTIONS,ALL QUESTIONS,MOST QUESTIONS,MOST QUESTIONS,NO QUESTIONS,ALL QUESTIONS,ALL QUESTIONS,MOST QUESTIONS,AGREE,AGREE,PARTIALLY AGREE,AGREE,AGREE,AGREE,AGREE,AGREE
EST0096,Colegio_4,Male,14,YES,1,DID NOT REPEAT,SECOND,COMPLETE SECONDARY,UNIVERSITY EDUCATION,45,FREQUENTLY,FREQUENTLY,MOBILE PHONE,AGREE,PARTIALLY AGREE,AGREE,PARTIALLY AGREE,AGREE,AGREE,AGREE,DISAGREE,DISAGREE,DISAGREE,AGREE,AGREE,MOST QUESTIONS,VERY FEW QUESTIONS,MOST QUESTIONS,ALL QUESTIONS,MOST QUESTIONS,MOST QUESTIONS,VERY FEW QUESTIONS,MOST QUESTIONS,AGREE,AGREE,AGREE,AGREE,AGREE,AGREE,DISAGREE,AGREE
EST0105,Colegio_4,Male,15,YES,1,SECOND,SECOND,NO FORMAL EDUCATION,DON'T KNOW,45,SOMETIMES,FREQUENTLY,MOBILE PHONE,PARTIALLY AGREE,PARTIALLY AGREE,PARTIALLY AGREE,AGREE,PARTIALLY AGREE,PARTIALLY AGREE,AGREE,PARTIALLY AGREE,PARTIALLY AGREE,PARTIALLY AGREE,AGREE,PARTIALLY AGREE,ALL QUESTIONS,NO QUESTIONS,MOST QUESTIONS,MOST QUESTIONS,ALL QUESTIONS,MOST QUESTIONS,VERY FEW QUESTIONS,VERY FEW QUESTIONS,AGREE,AGREE,AGREE,AGREE,AGREE,AGREE,AGREE,AGREE
EST0084,Colegio_4,Male,13,YES,1,DID NOT REPEAT,DID NOT REPEAT,INCOMPLETE SECONDARY,INCOMPLETE SECONDARY,457,SOMETIMES,FREQUENTLY,MOBILE PHONE,AGREE,PARTIALLY AGREE,PARTIALLY AGREE,PARTIALLY AGREE,AGREE,AGREE,AGREE,AGREE,PARTIALLY AGREE,AGREE,AGREE,PARTIALLY AGREE,MOST QUESTIONS,VERY FEW QUESTIONS,VERY FEW QUESTIONS,VERY FEW QUESTIONS,VERY FEW QUESTIONS,VERY FEW QUESTIONS,MOST QUESTIONS,NO QUESTIONS,AGREE,AGREE,AGREE,AGREE,PARTIALLY AGREE,AGREE,DISAGREE,AGREE
EST0091,Colegio_4,Female,14,NO,1,DID NOT REPEAT,DID NOT REPEAT,INCOMPLETE SECONDARY,INCOMPLETE SECONDARY,456,FREQUENTLY,SOMETIMES,MOBILE PHONE,PARTIALLY AGREE,PARTIALLY AGREE,AGREE,AGREE,AGREE,AGREE,PARTIALLY AGREE,DISAGREE,DISAGREE,DISAGREE,AGREE,AGREE,MOST QUESTIONS,ALL QUESTIONS,VERY FEW QUESTIONS,MOST QUESTIONS,VERY FEW QUESTIONS,VERY FEW QUESTIONS,MOST QUESTIONS,VERY FEW QUESTIONS,AGREE,AGREE,AGREE,AGREE,AGREE,AGREE,DISAGREE,PARTIALLY AGREE
